null,null
"http://catalog.ihsn.org/index.php/catalog/313/download/64024""",null
"http://catalog.ihsn.org/index.php/catalog/323/download/64039""","http://catalog.ihsn.org/index.php/catalog/323/download/64033"""
"http://catalog.ihsn.org/index.php/catalog/330/download/64040""",null
"http://catalog.ihsn.org/index.php/catalog/340/download/30269""",null
"http://catalog.ihsn.org/index.php/catalog/338/download/64072""",null
http://catalog.ihsn.org/index.php/catalog/3829/download/53151,http://catalog.ihsn.org/index.php/catalog/3829/download/53149
"http://catalog.ihsn.org/index.php/catalog/395/download/30691""","http://catalog.ihsn.org/index.php/catalog/395/download/30696"""
http://catalog.ihsn.org/index.php/catalog/3674/download/51813,"/W3C//DTD XHTML 1.0 Transitional//EN"" ""http://www.w3.org/TR/x"
"http://catalog.ihsn.org/index.php/catalog/397/download/30707""",null
"http://catalog.ihsn.org/index.php/catalog/396/download/30700""",null
"/W3C//DTD XHTML 1.0 Transitional//EN"" ""http://www.w3.org/TR/x",null
http://catalog.ihsn.org/index.php/catalog/4418/download/57129,http://catalog.ihsn.org/index.php/catalog/4418/download/57130
null,null
null,null
"http://catalog.ihsn.org/index.php/catalog/265/download/29652""",null
"http://catalog.ihsn.org/index.php/catalog/280/download/64081""",null
http://catalog.ihsn.org/index.php/catalog/4318/download/56456,http://catalog.ihsn.org/index.php/catalog/4318/download/56457
"http://catalog.ihsn.org/index.php/catalog/263/download/29648""","/W3C//DTD XHTML 1.0 Transitional//EN"" ""http://www.w3.org/TR/x"
"http://catalog.ihsn.org/index.php/catalog/270/download/29655""","http://catalog.ihsn.org/index.php/catalog/270/download/29660"""
http://catalog.ihsn.org/index.php/catalog/2494/download/38207,"/W3C//DTD XHTML 1.0 Transitional//EN"" ""http://www.w3.org/TR/x"
null,null
null,null
"http://catalog.ihsn.org/index.php/catalog/286/download/29719""",null
null,null
"http://catalog.ihsn.org/index.php/catalog/266/download/29654""",null
null,null
null,null
null,null
"http://catalog.ihsn.org/index.php/catalog/271/download/29661""",null
null,null
null,null
"http://catalog.ihsn.org/index.php/catalog/360/download/30394""","http://catalog.ihsn.org/index.php/catalog/360/download/30395"""
null,null
null,null
"http://catalog.ihsn.org/index.php/catalog/288/download/29721""","/W3C//DTD XHTML 1.0 Transitional//EN"" ""http://www.w3.org/TR/x"
"http://catalog.ihsn.org/index.php/catalog/936/download/40451""","http://catalog.ihsn.org/index.php/catalog/936/download/40452"""
null,null
"http://catalog.ihsn.org/index.php/catalog/361/download/30396""","/W3C//DTD XHTML 1.0 Transitional//EN"" ""http://www.w3.org/TR/x"
"http://catalog.ihsn.org/index.php/catalog/277/download/29664""","http://catalog.ihsn.org/index.php/catalog/277/download/29670"""
null,null
http://catalog.ihsn.org/index.php/catalog/4302/download/56330,http://catalog.ihsn.org/index.php/catalog/4302/download/56331
"/W3C//DTD XHTML 1.0 Transitional//EN"" ""http://www.w3.org/TR/x",null
null,null
null,null
http://catalog.ihsn.org/index.php/catalog/4419/download/57135,http://catalog.ihsn.org/index.php/catalog/4419/download/57136
http://catalog.ihsn.org/index.php/catalog/4744/download/59730,http://catalog.ihsn.org/index.php/catalog/4744/download/59736
http://catalog.ihsn.org/index.php/catalog/4779/download/66698,http://catalog.ihsn.org/index.php/catalog/4779/download/66699
http://catalog.ihsn.org/index.php/catalog/3837/download/53183,http://catalog.ihsn.org/index.php/catalog/3837/download/53181
"/W3C//DTD XHTML 1.0 Transitional//EN"" ""http://www.w3.org/TR/x",null
"http://catalog.ihsn.org/index.php/catalog/130/download/28957""",null
http://catalog.ihsn.org/index.php/catalog/3325/download/48500,http://catalog.ihsn.org/index.php/catalog/3325/download/48502
http://catalog.ihsn.org/index.php/catalog/4247/download/56017,http://catalog.ihsn.org/index.php/catalog/4247/download/56027
"http://catalog.ihsn.org/index.php/catalog/137/download/29027""","http://catalog.ihsn.org/index.php/catalog/137/download/29031"""
http://catalog.ihsn.org/index.php/catalog/3556/download/64131,null
"http://catalog.ihsn.org/index.php/catalog/127/download/28951""","http://catalog.ihsn.org/index.php/catalog/127/download/28952"""
http://catalog.ihsn.org/index.php/catalog/3557/download/64133,null
http://catalog.ihsn.org/index.php/catalog/4376/download/56813,http://catalog.ihsn.org/index.php/catalog/4376/download/56815
http://catalog.ihsn.org/index.php/catalog/3558/download/64135,null
"http://catalog.ihsn.org/index.php/catalog/117/download/28909""","/W3C//DTD XHTML 1.0 Transitional//EN"" ""http://www.w3.org/TR/x"
"http://catalog.ihsn.org/index.php/catalog/119/download/28919""","/W3C//DTD XHTML 1.0 Transitional//EN"" ""http://www.w3.org/TR/x"
"http://catalog.ihsn.org/index.php/catalog/123/download/28944""","/W3C//DTD XHTML 1.0 Transitional//EN"" ""http://www.w3.org/TR/x"
"http://catalog.ihsn.org/index.php/catalog/134/download/28975""","/W3C//DTD XHTML 1.0 Transitional//EN"" ""http://www.w3.org/TR/x"
"http://catalog.ihsn.org/index.php/catalog/142/download/29050""","http://catalog.ihsn.org/index.php/catalog/142/download/29054"""
http://catalog.ihsn.org/index.php/catalog/2961/download/44656,"/W3C//DTD XHTML 1.0 Transitional//EN"" ""http://www.w3.org/TR/x"
"http://catalog.ihsn.org/index.php/catalog/135/download/28979""",null
"http://catalog.ihsn.org/index.php/catalog/138/download/29034""",null
http://catalog.ihsn.org/index.php/catalog/2257/download/36930,http://catalog.ihsn.org/index.php/catalog/2257/download/36931
null,"/W3C//DTD XHTML 1.0 Transitional//EN"" ""http://www.w3.org/TR/x"
"http://catalog.ihsn.org/index.php/catalog/140/download/29039""","http://catalog.ihsn.org/index.php/catalog/140/download/29042"""
"http://catalog.ihsn.org/index.php/catalog/149/download/29084""","http://catalog.ihsn.org/index.php/catalog/149/download/29085"""
null,null
null,null
"http://catalog.ihsn.org/index.php/catalog/114/download/43988""","http://catalog.ihsn.org/index.php/catalog/114/download/43989"""
"http://catalog.ihsn.org/index.php/catalog/152/download/29099""","http://catalog.ihsn.org/index.php/catalog/152/download/29100"""
"http://catalog.ihsn.org/index.php/catalog/118/download/28913""",null
null,null
"http://catalog.ihsn.org/index.php/catalog/122/download/28929""","http://catalog.ihsn.org/index.php/catalog/122/download/28941"""
"http://catalog.ihsn.org/index.php/catalog/124/download/28947""","/W3C//DTD XHTML 1.0 Transitional//EN"" ""http://www.w3.org/TR/x"
"http://catalog.ihsn.org/index.php/catalog/125/download/28949""","/W3C//DTD XHTML 1.0 Transitional//EN"" ""http://www.w3.org/TR/x"
null,"http://catalog.ihsn.org/index.php/catalog/129/download/28955"""
"http://catalog.ihsn.org/index.php/catalog/872/download/40120""","http://catalog.ihsn.org/index.php/catalog/872/download/40118"""
"http://catalog.ihsn.org/index.php/catalog/133/download/28974""","/W3C//DTD XHTML 1.0 Transitional//EN"" ""http://www.w3.org/TR/x"
http://catalog.ihsn.org/index.php/catalog/2362/download/37330,null
"http://catalog.ihsn.org/index.php/catalog/131/download/28965""","/W3C//DTD XHTML 1.0 Transitional//EN"" ""http://www.w3.org/TR/x"
"http://catalog.ihsn.org/index.php/catalog/132/download/28970""","/W3C//DTD XHTML 1.0 Transitional//EN"" ""http://www.w3.org/TR/x"
"http://catalog.ihsn.org/index.php/catalog/873/download/40125""","http://catalog.ihsn.org/index.php/catalog/873/download/40123"""
"/W3C//DTD XHTML 1.0 Transitional//EN"" ""http://www.w3.org/TR/x","/W3C//DTD XHTML 1.0 Transitional//EN"" ""http://www.w3.org/TR/x"
"http://catalog.ihsn.org/index.php/catalog/136/download/29015""","http://catalog.ihsn.org/index.php/catalog/136/download/29017"""
null,"/W3C//DTD XHTML 1.0 Transitional//EN"" ""http://www.w3.org/TR/x"
null,null
null,null
"http://catalog.ihsn.org/index.php/catalog/141/download/29046""",null
"http://catalog.ihsn.org/index.php/catalog/143/download/29055""",null
"http://catalog.ihsn.org/index.php/catalog/144/download/29059""",null
http://catalog.ihsn.org/index.php/catalog/3805/download/52589,"/W3C//DTD XHTML 1.0 Transitional//EN"" ""http://www.w3.org/TR/x"
http://catalog.ihsn.org/index.php/catalog/4141/download/55397,"/W3C//DTD XHTML 1.0 Transitional//EN"" ""http://www.w3.org/TR/x"
"http://catalog.ihsn.org/index.php/catalog/145/download/29066""",null
"http://catalog.ihsn.org/index.php/catalog/146/download/29071""",null
"http://catalog.ihsn.org/index.php/catalog/147/download/29077""",null
"http://catalog.ihsn.org/index.php/catalog/150/download/29086""","http://catalog.ihsn.org/index.php/catalog/150/download/29087"""
null,null
"http://catalog.ihsn.org/index.php/catalog/151/download/29090""","http://catalog.ihsn.org/index.php/catalog/151/download/29095"""
"/W3C//DTD XHTML 1.0 Transitional//EN"" ""http://www.w3.org/TR/x",null
http://catalog.ihsn.org/index.php/catalog/4098/download/55191,null
http://catalog.ihsn.org/index.php/catalog/4423/download/57159,http://catalog.ihsn.org/index.php/catalog/4423/download/57160
http://catalog.ihsn.org/index.php/catalog/2973/download/44712,null
http://catalog.ihsn.org/index.php/catalog/2974/download/44747,null
http://catalog.ihsn.org/index.php/catalog/2975/download/44758,null
http://catalog.ihsn.org/index.php/catalog/2976/download/44795,null
http://catalog.ihsn.org/index.php/catalog/2977/download/44806,null
http://catalog.ihsn.org/index.php/catalog/2978/download/44830,null
http://catalog.ihsn.org/index.php/catalog/2979/download/44854,null
http://catalog.ihsn.org/index.php/catalog/2980/download/44878,null
http://catalog.ihsn.org/index.php/catalog/2981/download/44902,null
http://catalog.ihsn.org/index.php/catalog/2982/download/44926,null
http://catalog.ihsn.org/index.php/catalog/2983/download/44950,http://catalog.ihsn.org/index.php/catalog/2983/download/44951
null,null
http://catalog.ihsn.org/index.php/catalog/3791/download/52472,null
http://catalog.ihsn.org/index.php/catalog/3018/download/45277,http://catalog.ihsn.org/index.php/catalog/3018/download/45291
http://catalog.ihsn.org/index.php/catalog/3013/download/45208,null
http://catalog.ihsn.org/index.php/catalog/3011/download/45198,null
"http://catalog.ihsn.org/index.php/catalog/350/download/64212""",null
"http://catalog.ihsn.org/index.php/catalog/352/download/64217""",null
"http://catalog.ihsn.org/index.php/catalog/356/download/64219""",null
"http://catalog.ihsn.org/index.php/catalog/359/download/64234""",null
"http://catalog.ihsn.org/index.php/catalog/363/download/64240""",null
http://catalog.ihsn.org/index.php/catalog/2513/download/38303,"/W3C//DTD XHTML 1.0 Transitional//EN"" ""http://www.w3.org/TR/x"
http://catalog.ihsn.org/index.php/catalog/2511/download/38295,"/W3C//DTD XHTML 1.0 Transitional//EN"" ""http://www.w3.org/TR/x"
http://catalog.ihsn.org/index.php/catalog/2512/download/38299,"/W3C//DTD XHTML 1.0 Transitional//EN"" ""http://www.w3.org/TR/x"
"http://catalog.ihsn.org/index.php/catalog/296/download/29783""",null
"http://catalog.ihsn.org/index.php/catalog/491/download/31008""",null
"/W3C//DTD XHTML 1.0 Transitional//EN"" ""http://www.w3.org/TR/x","/W3C//DTD XHTML 1.0 Transitional//EN"" ""http://www.w3.org/TR/x"
"http://catalog.ihsn.org/index.php/catalog/874/download/40128""","http://catalog.ihsn.org/index.php/catalog/874/download/40133"""
"http://catalog.ihsn.org/index.php/catalog/492/download/31010""","http://catalog.ihsn.org/index.php/catalog/492/download/31015"""
"/W3C//DTD XHTML 1.0 Transitional//EN"" ""http://www.w3.org/TR/x",null
http://catalog.ihsn.org/index.php/catalog/3079/download/45777,http://catalog.ihsn.org/index.php/catalog/3079/download/45781
http://catalog.ihsn.org/index.php/catalog/4426/download/57177,http://catalog.ihsn.org/index.php/catalog/4426/download/57178
null,null
null,null
null,null
null,null
null,null
null,null
null,null
null,null
null,null
null,null
null,null
null,null
null,null
null,null
null,null
null,null
null,null
null,null
null,null
null,null
null,null
null,null
null,null
null,null
null,null
null,null
null,null
null,null
null,null
null,null
null,null
null,null
null,null
null,null
null,null
null,null
null,null
null,null
null,null
null,null
null,null
null,null
null,null
null,null
null,null
null,null
null,null
null,null
null,null
null,null
null,null
null,null
null,null
null,null
null,http://catalog.ihsn.org/index.php/catalog/4873/download/60698
http://catalog.ihsn.org/index.php/catalog/4871/download/60692,null
http://catalog.ihsn.org/index.php/catalog/4869/download/60687,null
null,null
null,null
http://catalog.ihsn.org/index.php/catalog/4863/download/60677,null
http://catalog.ihsn.org/index.php/catalog/4861/download/60671,null
null,null
http://catalog.ihsn.org/index.php/catalog/4857/download/60658,null
http://catalog.ihsn.org/index.php/catalog/4855/download/60650,null
http://catalog.ihsn.org/index.php/catalog/4881/download/60720,null
http://catalog.ihsn.org/index.php/catalog/4853/download/60644,null
http://catalog.ihsn.org/index.php/catalog/4842/download/60523,null
http://catalog.ihsn.org/index.php/catalog/4840/download/60519,null
http://catalog.ihsn.org/index.php/catalog/4838/download/60511,null
http://catalog.ihsn.org/index.php/catalog/4836/download/60506,null
http://catalog.ihsn.org/index.php/catalog/4834/download/60499,null
null,null
null,null
http://catalog.ihsn.org/index.php/catalog/4831/download/60493,null
http://catalog.ihsn.org/index.php/catalog/4829/download/60489,null
http://catalog.ihsn.org/index.php/catalog/4824/download/60477,null
http://catalog.ihsn.org/index.php/catalog/4826/download/60483,null
http://catalog.ihsn.org/index.php/catalog/4820/download/60468,null
http://catalog.ihsn.org/index.php/catalog/4822/download/60472,null
http://catalog.ihsn.org/index.php/catalog/4816/download/60460,null
http://catalog.ihsn.org/index.php/catalog/4818/download/60464,null
http://catalog.ihsn.org/index.php/catalog/4812/download/60450,null
http://catalog.ihsn.org/index.php/catalog/4814/download/60455,null
http://catalog.ihsn.org/index.php/catalog/4808/download/60438,null
http://catalog.ihsn.org/index.php/catalog/4810/download/60445,null
http://catalog.ihsn.org/index.php/catalog/4807/download/60436,null
http://catalog.ihsn.org/index.php/catalog/4804/download/60426,null
http://catalog.ihsn.org/index.php/catalog/2613/download/65303,null
http://catalog.ihsn.org/index.php/catalog/2614/download/65305,null
http://catalog.ihsn.org/index.php/catalog/2615/download/65307,null
http://catalog.ihsn.org/index.php/catalog/2616/download/65308,null
http://catalog.ihsn.org/index.php/catalog/2617/download/65310,null
http://catalog.ihsn.org/index.php/catalog/2618/download/65312,null
http://catalog.ihsn.org/index.php/catalog/2619/download/65314,null
http://catalog.ihsn.org/index.php/catalog/2620/download/65316,null
http://catalog.ihsn.org/index.php/catalog/4324/download/56479,http://catalog.ihsn.org/index.php/catalog/4324/download/56481
http://catalog.ihsn.org/index.php/catalog/2621/download/65318,null
http://catalog.ihsn.org/index.php/catalog/4766/download/60152,null
http://catalog.ihsn.org/index.php/catalog/4768/download/60160,null
http://catalog.ihsn.org/index.php/catalog/4770/download/60168,null
http://catalog.ihsn.org/index.php/catalog/4789/download/60341,null
http://catalog.ihsn.org/index.php/catalog/4792/download/60350,null
http://catalog.ihsn.org/index.php/catalog/2484/download/38166,"/W3C//DTD XHTML 1.0 Transitional//EN"" ""http://www.w3.org/TR/x"
http://catalog.ihsn.org/index.php/catalog/2485/download/38170,"/W3C//DTD XHTML 1.0 Transitional//EN"" ""http://www.w3.org/TR/x"
http://catalog.ihsn.org/index.php/catalog/2486/download/38174,"/W3C//DTD XHTML 1.0 Transitional//EN"" ""http://www.w3.org/TR/x"
http://catalog.ihsn.org/index.php/catalog/2487/download/38179,"/W3C//DTD XHTML 1.0 Transitional//EN"" ""http://www.w3.org/TR/x"
http://catalog.ihsn.org/index.php/catalog/2488/download/38183,http://catalog.ihsn.org/index.php/catalog/2488/download/38186
http://catalog.ihsn.org/index.php/catalog/3638/download/51536,"/W3C//DTD XHTML 1.0 Transitional//EN"" ""http://www.w3.org/TR/x"
http://catalog.ihsn.org/index.php/catalog/4011/download/54552,null
http://catalog.ihsn.org/index.php/catalog/4014/download/54577,http://catalog.ihsn.org/index.php/catalog/4014/download/54579
http://catalog.ihsn.org/index.php/catalog/4012/download/54563,null
http://catalog.ihsn.org/index.php/catalog/4016/download/54589,null
"http://catalog.ihsn.org/index.php/catalog/836/download/32392""","http://catalog.ihsn.org/index.php/catalog/836/download/32392"""
http://catalog.ihsn.org/index.php/catalog/3983/download/54158,"/W3C//DTD XHTML 1.0 Transitional//EN"" ""http://www.w3.org/TR/x"
http://catalog.ihsn.org/index.php/catalog/3984/download/54193,"/W3C//DTD XHTML 1.0 Transitional//EN"" ""http://www.w3.org/TR/x"
http://catalog.ihsn.org/index.php/catalog/4025/download/54686,null
http://catalog.ihsn.org/index.php/catalog/4024/download/54683,null
http://catalog.ihsn.org/index.php/catalog/3696/download/51948,null
null,null
http://catalog.ihsn.org/index.php/catalog/2483/download/38162,"/W3C//DTD XHTML 1.0 Transitional//EN"" ""http://www.w3.org/TR/x"
null,null
http://catalog.ihsn.org/index.php/catalog/4911/download/60906,null
http://catalog.ihsn.org/index.php/catalog/4027/download/54692,null
http://catalog.ihsn.org/index.php/catalog/3068/download/45715,null
http://catalog.ihsn.org/index.php/catalog/4026/download/54689,null
null,null
http://catalog.ihsn.org/index.php/catalog/4910/download/60903,null
http://catalog.ihsn.org/index.php/catalog/3067/download/45712,null
http://catalog.ihsn.org/index.php/catalog/4904/download/60878,null
http://catalog.ihsn.org/index.php/catalog/4029/download/54697,null
http://catalog.ihsn.org/index.php/catalog/3066/download/45706,null
http://catalog.ihsn.org/index.php/catalog/4028/download/54695,null
http://catalog.ihsn.org/index.php/catalog/2415/download/37754,http://catalog.ihsn.org/index.php/catalog/2415/download/37756
http://catalog.ihsn.org/index.php/catalog/4903/download/60875,null
http://catalog.ihsn.org/index.php/catalog/3065/download/45703,null
http://catalog.ihsn.org/index.php/catalog/4902/download/60870,null
http://catalog.ihsn.org/index.php/catalog/3064/download/45698,null
http://catalog.ihsn.org/index.php/catalog/4901/download/60864,null
http://catalog.ihsn.org/index.php/catalog/4031/download/54701,null
http://catalog.ihsn.org/index.php/catalog/3063/download/45692,null
http://catalog.ihsn.org/index.php/catalog/4030/download/54699,null
"http://catalog.ihsn.org/index.php/catalog/953/download/40732""",null
http://catalog.ihsn.org/index.php/catalog/2378/download/37491,http://catalog.ihsn.org/index.php/catalog/2378/download/37498
http://catalog.ihsn.org/index.php/catalog/4899/download/60847,null
http://catalog.ihsn.org/index.php/catalog/3062/download/45688,null
http://catalog.ihsn.org/index.php/catalog/4898/download/60840,null
null,"http://catalog.ihsn.org/index.php/catalog/886/download/40203"""
http://catalog.ihsn.org/index.php/catalog/3061/download/45680,null
http://catalog.ihsn.org/index.php/catalog/4897/download/60832,null
http://catalog.ihsn.org/index.php/catalog/3072/download/45732,null
http://catalog.ihsn.org/index.php/catalog/3060/download/45672,null
http://catalog.ihsn.org/index.php/catalog/4032/download/54703,null
http://catalog.ihsn.org/index.php/catalog/2369/download/37382,http://catalog.ihsn.org/index.php/catalog/2369/download/37384
http://catalog.ihsn.org/index.php/catalog/4896/download/60825,null
"http://catalog.ihsn.org/index.php/catalog/887/download/40207""","http://catalog.ihsn.org/index.php/catalog/887/download/40208"""
http://catalog.ihsn.org/index.php/catalog/3059/download/45665,null
http://catalog.ihsn.org/index.php/catalog/3888/download/53342,http://catalog.ihsn.org/index.php/catalog/3888/download/53340
http://catalog.ihsn.org/index.php/catalog/3887/download/53337,http://catalog.ihsn.org/index.php/catalog/3887/download/53339
http://catalog.ihsn.org/index.php/catalog/4895/download/60818,null
http://catalog.ihsn.org/index.php/catalog/3058/download/45658,null
http://catalog.ihsn.org/index.php/catalog/4894/download/60813,null
http://catalog.ihsn.org/index.php/catalog/4892/download/60801,null
http://catalog.ihsn.org/index.php/catalog/3071/download/45728,null
http://catalog.ihsn.org/index.php/catalog/3057/download/45653,null
http://catalog.ihsn.org/index.php/catalog/4033/download/54706,null
"http://catalog.ihsn.org/index.php/catalog/854/download/39833""","http://catalog.ihsn.org/index.php/catalog/854/download/39839"""
http://catalog.ihsn.org/index.php/catalog/3056/download/45644,null
http://catalog.ihsn.org/index.php/catalog/4891/download/60796,null
http://catalog.ihsn.org/index.php/catalog/4890/download/60786,null
http://catalog.ihsn.org/index.php/catalog/3055/download/45638,null
http://catalog.ihsn.org/index.php/catalog/3054/download/45629,null
"http://catalog.ihsn.org/index.php/catalog/621/download/31451""",null
http://catalog.ihsn.org/index.php/catalog/4887/download/60766,null
http://catalog.ihsn.org/index.php/catalog/4888/download/60771,null
http://catalog.ihsn.org/index.php/catalog/3053/download/45626,null
http://catalog.ihsn.org/index.php/catalog/3052/download/45615,null
http://catalog.ihsn.org/index.php/catalog/4883/download/60732,null
http://catalog.ihsn.org/index.php/catalog/4884/download/60741,null
http://catalog.ihsn.org/index.php/catalog/3070/download/45724,null
http://catalog.ihsn.org/index.php/catalog/3051/download/45606,null
http://catalog.ihsn.org/index.php/catalog/3050/download/45597,null
http://catalog.ihsn.org/index.php/catalog/4034/download/54710,null
http://catalog.ihsn.org/index.php/catalog/4906/download/60887,null
http://catalog.ihsn.org/index.php/catalog/4879/download/60707,null
http://catalog.ihsn.org/index.php/catalog/4880/download/60712,null
http://catalog.ihsn.org/index.php/catalog/3049/download/45590,null
http://catalog.ihsn.org/index.php/catalog/3048/download/45583,null
http://catalog.ihsn.org/index.php/catalog/4905/download/60884,null
http://catalog.ihsn.org/index.php/catalog/2371/download/37397,http://catalog.ihsn.org/index.php/catalog/2371/download/37432
http://catalog.ihsn.org/index.php/catalog/4851/download/60626,null
http://catalog.ihsn.org/index.php/catalog/4852/download/60634,null
http://catalog.ihsn.org/index.php/catalog/3047/download/45575,null
http://catalog.ihsn.org/index.php/catalog/3046/download/45565,null
http://catalog.ihsn.org/index.php/catalog/2370/download/37388,http://catalog.ihsn.org/index.php/catalog/2370/download/37393
http://catalog.ihsn.org/index.php/catalog/3999/download/54380,http://catalog.ihsn.org/index.php/catalog/3999/download/54390
http://catalog.ihsn.org/index.php/catalog/4005/download/54452,http://catalog.ihsn.org/index.php/catalog/4005/download/54466
http://catalog.ihsn.org/index.php/catalog/4004/download/54431,http://catalog.ihsn.org/index.php/catalog/4004/download/54445
http://catalog.ihsn.org/index.php/catalog/4908/download/60892,null
http://catalog.ihsn.org/index.php/catalog/4850/download/60617,null
http://catalog.ihsn.org/index.php/catalog/4849/download/60607,null
http://catalog.ihsn.org/index.php/catalog/3069/download/45718,null
http://catalog.ihsn.org/index.php/catalog/3045/download/45556,null
http://catalog.ihsn.org/index.php/catalog/3044/download/45544,null
http://catalog.ihsn.org/index.php/catalog/4010/download/54541,null
http://catalog.ihsn.org/index.php/catalog/4907/download/60890,null
http://catalog.ihsn.org/index.php/catalog/4035/download/54714,null
http://catalog.ihsn.org/index.php/catalog/4684/download/59147,http://catalog.ihsn.org/index.php/catalog/4684/download/59166
http://catalog.ihsn.org/index.php/catalog/4006/download/54473,http://catalog.ihsn.org/index.php/catalog/4006/download/54481
http://catalog.ihsn.org/index.php/catalog/2377/download/37460,http://catalog.ihsn.org/index.php/catalog/2377/download/37489
http://catalog.ihsn.org/index.php/catalog/4015/download/54583,http://catalog.ihsn.org/index.php/catalog/4015/download/54585
http://catalog.ihsn.org/index.php/catalog/4000/download/54393,http://catalog.ihsn.org/index.php/catalog/4000/download/54394
http://catalog.ihsn.org/index.php/catalog/4008/download/54506,http://catalog.ihsn.org/index.php/catalog/4008/download/54516
http://catalog.ihsn.org/index.php/catalog/4009/download/54523,http://catalog.ihsn.org/index.php/catalog/4009/download/54533
http://catalog.ihsn.org/index.php/catalog/4007/download/54489,http://catalog.ihsn.org/index.php/catalog/4007/download/54499
http://catalog.ihsn.org/index.php/catalog/3073/download/45735,null
http://catalog.ihsn.org/index.php/catalog/3075/download/45745,null
http://catalog.ihsn.org/index.php/catalog/4848/download/60595,null
http://catalog.ihsn.org/index.php/catalog/4803/download/60420,null
http://catalog.ihsn.org/index.php/catalog/4909/download/60895,null
http://catalog.ihsn.org/index.php/catalog/3076/download/45752,null
http://catalog.ihsn.org/index.php/catalog/3043/download/45532,null
http://catalog.ihsn.org/index.php/catalog/3042/download/45525,null
http://catalog.ihsn.org/index.php/catalog/4013/download/54570,null
http://catalog.ihsn.org/index.php/catalog/4017/download/54596,null
http://catalog.ihsn.org/index.php/catalog/3074/download/45740,null
"http://catalog.ihsn.org/index.php/catalog/622/download/31452""","http://catalog.ihsn.org/index.php/catalog/622/download/31457"""
http://catalog.ihsn.org/index.php/catalog/2409/download/37694,http://catalog.ihsn.org/index.php/catalog/2409/download/37730
http://catalog.ihsn.org/index.php/catalog/3077/download/45759,http://catalog.ihsn.org/index.php/catalog/3077/download/45762
http://catalog.ihsn.org/index.php/catalog/4801/download/60411,http://catalog.ihsn.org/index.php/catalog/4801/download/60413
http://catalog.ihsn.org/index.php/catalog/4798/download/60390,http://catalog.ihsn.org/index.php/catalog/4798/download/60394
http://catalog.ihsn.org/index.php/catalog/2260/download/36938,null
http://catalog.ihsn.org/index.php/catalog/3078/download/45768,http://catalog.ihsn.org/index.php/catalog/3078/download/45772
http://catalog.ihsn.org/index.php/catalog/3041/download/45518,http://catalog.ihsn.org/index.php/catalog/3041/download/45520
http://catalog.ihsn.org/index.php/catalog/3040/download/45512,null
http://catalog.ihsn.org/index.php/catalog/4018/download/54603,http://catalog.ihsn.org/index.php/catalog/4018/download/54608
http://catalog.ihsn.org/index.php/catalog/4003/download/54421,http://catalog.ihsn.org/index.php/catalog/4003/download/54428
http://catalog.ihsn.org/index.php/catalog/4019/download/54611,http://catalog.ihsn.org/index.php/catalog/4019/download/54624
http://catalog.ihsn.org/index.php/catalog/4020/download/54629,http://catalog.ihsn.org/index.php/catalog/4020/download/54631
http://catalog.ihsn.org/index.php/catalog/4021/download/54634,http://catalog.ihsn.org/index.php/catalog/4021/download/54658
"/W3C//DTD XHTML 1.0 Transitional//EN"" ""http://www.w3.org/TR/x",null
http://catalog.ihsn.org/index.php/catalog/3039/download/45501,null
http://catalog.ihsn.org/index.php/catalog/3037/download/45481,null
http://catalog.ihsn.org/index.php/catalog/3034/download/45445,http://catalog.ihsn.org/index.php/catalog/3034/download/45449
http://catalog.ihsn.org/index.php/catalog/3033/download/45435,null
http://catalog.ihsn.org/index.php/catalog/4037/download/54727,null
http://catalog.ihsn.org/index.php/catalog/4036/download/54720,null
http://catalog.ihsn.org/index.php/catalog/3038/download/45492,null
http://catalog.ihsn.org/index.php/catalog/3036/download/45471,null
http://catalog.ihsn.org/index.php/catalog/3035/download/45459,http://catalog.ihsn.org/index.php/catalog/3035/download/45463
http://catalog.ihsn.org/index.php/catalog/3032/download/45426,null
http://catalog.ihsn.org/index.php/catalog/3997/download/54364,null
http://catalog.ihsn.org/index.php/catalog/3031/download/45415,null
http://catalog.ihsn.org/index.php/catalog/3030/download/45405,null
http://catalog.ihsn.org/index.php/catalog/4805/download/60428,null
http://catalog.ihsn.org/index.php/catalog/4445/download/57291,http://catalog.ihsn.org/index.php/catalog/4445/download/57292
http://catalog.ihsn.org/index.php/catalog/3091/download/45861,null
"http://catalog.ihsn.org/index.php/catalog/421/download/65373""",null
"http://catalog.ihsn.org/index.php/catalog/189/download/29401""","/W3C//DTD XHTML 1.0 Transitional//EN"" ""http://www.w3.org/TR/x"
"http://catalog.ihsn.org/index.php/catalog/181/download/29361""","/W3C//DTD XHTML 1.0 Transitional//EN"" ""http://www.w3.org/TR/x"
"http://catalog.ihsn.org/index.php/catalog/182/download/29365""","/W3C//DTD XHTML 1.0 Transitional//EN"" ""http://www.w3.org/TR/x"
http://catalog.ihsn.org/index.php/catalog/3877/download/53307,http://catalog.ihsn.org/index.php/catalog/3877/download/53305
"http://catalog.ihsn.org/index.php/catalog/183/download/29369""","/W3C//DTD XHTML 1.0 Transitional//EN"" ""http://www.w3.org/TR/x"
http://catalog.ihsn.org/index.php/catalog/3941/download/53762,"/W3C//DTD XHTML 1.0 Transitional//EN"" ""http://www.w3.org/TR/x"
"http://catalog.ihsn.org/index.php/catalog/186/download/29386""",null
http://catalog.ihsn.org/index.php/catalog/3942/download/53774,"/W3C//DTD XHTML 1.0 Transitional//EN"" ""http://www.w3.org/TR/x"
"http://catalog.ihsn.org/index.php/catalog/188/download/29396""","http://catalog.ihsn.org/index.php/catalog/188/download/29400"""
http://catalog.ihsn.org/index.php/catalog/4956/download/61261,http://catalog.ihsn.org/index.php/catalog/4956/download/61264
http://catalog.ihsn.org/index.php/catalog/3092/download/45875,null
http://catalog.ihsn.org/index.php/catalog/4074/download/55024,"/W3C//DTD XHTML 1.0 Transitional//EN"" ""http://www.w3.org/TR/x"
http://catalog.ihsn.org/index.php/catalog/3026/download/45367,http://catalog.ihsn.org/index.php/catalog/3026/download/45377
http://catalog.ihsn.org/index.php/catalog/3093/download/45881,null
"/W3C//DTD XHTML 1.0 Transitional//EN"" ""http://www.w3.org/TR/x",null
http://catalog.ihsn.org/index.php/catalog/4038/download/54737,"/W3C//DTD XHTML 1.0 Transitional//EN"" ""http://www.w3.org/TR/x"
http://catalog.ihsn.org/index.php/catalog/4448/download/57309,http://catalog.ihsn.org/index.php/catalog/4448/download/57310
http://catalog.ihsn.org/index.php/catalog/3570/download/65410,null
http://catalog.ihsn.org/index.php/catalog/3571/download/65411,null
"http://catalog.ihsn.org/index.php/catalog/426/download/65413""",null
"http://catalog.ihsn.org/index.php/catalog/428/download/65421""",null
http://catalog.ihsn.org/index.php/catalog/3572/download/65425,null
http://catalog.ihsn.org/index.php/catalog/2433/download/37860,"/W3C//DTD XHTML 1.0 Transitional//EN"" ""http://www.w3.org/TR/x"
http://catalog.ihsn.org/index.php/catalog/2434/download/37865,"/W3C//DTD XHTML 1.0 Transitional//EN"" ""http://www.w3.org/TR/x"
http://catalog.ihsn.org/index.php/catalog/2435/download/37871,"/W3C//DTD XHTML 1.0 Transitional//EN"" ""http://www.w3.org/TR/x"
http://catalog.ihsn.org/index.php/catalog/2436/download/37877,"/W3C//DTD XHTML 1.0 Transitional//EN"" ""http://www.w3.org/TR/x"
http://catalog.ihsn.org/index.php/catalog/1465/download/42097,http://catalog.ihsn.org/index.php/catalog/1465/download/42101
http://catalog.ihsn.org/index.php/catalog/1481/download/42149,null
"/W3C//DTD XHTML 1.0 Transitional//EN"" ""http://www.w3.org/TR/x",null
http://catalog.ihsn.org/index.php/catalog/2886/download/43879,http://catalog.ihsn.org/index.php/catalog/2886/download/43883
http://catalog.ihsn.org/index.php/catalog/3708/download/51994,http://catalog.ihsn.org/index.php/catalog/3708/download/51995
http://catalog.ihsn.org/index.php/catalog/3709/download/52002,http://catalog.ihsn.org/index.php/catalog/3709/download/52005
http://catalog.ihsn.org/index.php/catalog/4526/download/57858,http://catalog.ihsn.org/index.php/catalog/4526/download/57863
http://catalog.ihsn.org/index.php/catalog/3915/download/53448,http://catalog.ihsn.org/index.php/catalog/3915/download/53449
http://catalog.ihsn.org/index.php/catalog/4708/download/59358,http://catalog.ihsn.org/index.php/catalog/4708/download/59372
"http://catalog.ihsn.org/index.php/catalog/635/download/31499""",null
http://catalog.ihsn.org/index.php/catalog/3637/download/51518,"/W3C//DTD XHTML 1.0 Transitional//EN"" ""http://www.w3.org/TR/x"
"/W3C//DTD XHTML 1.0 Transitional//EN"" ""http://www.w3.org/TR/x","/W3C//DTD XHTML 1.0 Transitional//EN"" ""http://www.w3.org/TR/x"
"http://catalog.ihsn.org/index.php/catalog/938/download/40463""","http://catalog.ihsn.org/index.php/catalog/938/download/40465"""
"http://catalog.ihsn.org/index.php/catalog/939/download/40484""","http://catalog.ihsn.org/index.php/catalog/939/download/40486"""
null,"http://catalog.ihsn.org/index.php/catalog/888/download/40213"""
null,"http://catalog.ihsn.org/index.php/catalog/889/download/40217"""
"http://catalog.ihsn.org/index.php/catalog/941/download/40505""",null
http://catalog.ihsn.org/index.php/catalog/1472/download/42103,http://catalog.ihsn.org/index.php/catalog/1472/download/42105
"http://catalog.ihsn.org/index.php/catalog/943/download/40554""",null
"http://catalog.ihsn.org/index.php/catalog/942/download/40528""",null
http://catalog.ihsn.org/index.php/catalog/3916/download/53452,http://catalog.ihsn.org/index.php/catalog/3916/download/53454
"http://catalog.ihsn.org/index.php/catalog/636/download/31500""","/W3C//DTD XHTML 1.0 Transitional//EN"" ""http://www.w3.org/TR/x"
http://catalog.ihsn.org/index.php/catalog/4762/download/60078,http://catalog.ihsn.org/index.php/catalog/4762/download/60079
http://catalog.ihsn.org/index.php/catalog/4046/download/54879,http://catalog.ihsn.org/index.php/catalog/4046/download/54881
http://catalog.ihsn.org/index.php/catalog/3917/download/53457,http://catalog.ihsn.org/index.php/catalog/3917/download/53458
http://catalog.ihsn.org/index.php/catalog/3918/download/53459,http://catalog.ihsn.org/index.php/catalog/3918/download/53460
"http://catalog.ihsn.org/index.php/catalog/863/download/40007""","http://catalog.ihsn.org/index.php/catalog/863/download/40009"""
http://catalog.ihsn.org/index.php/catalog/3919/download/53461,"/W3C//DTD XHTML 1.0 Transitional//EN"" ""http://www.w3.org/TR/x"
http://catalog.ihsn.org/index.php/catalog/3921/download/53470,http://catalog.ihsn.org/index.php/catalog/3921/download/53471
http://catalog.ihsn.org/index.php/catalog/4142/download/55401,"/W3C//DTD XHTML 1.0 Transitional//EN"" ""http://www.w3.org/TR/x"
http://catalog.ihsn.org/index.php/catalog/3920/download/53465,http://catalog.ihsn.org/index.php/catalog/3920/download/53468
http://catalog.ihsn.org/index.php/catalog/4051/download/54943,http://catalog.ihsn.org/index.php/catalog/4051/download/54945
http://catalog.ihsn.org/index.php/catalog/3609/download/50197,http://catalog.ihsn.org/index.php/catalog/3609/download/50213
"/W3C//DTD XHTML 1.0 Transitional//EN"" ""http://www.w3.org/TR/x",null
http://catalog.ihsn.org/index.php/catalog/4063/download/54973,http://catalog.ihsn.org/index.php/catalog/4063/download/54975
http://catalog.ihsn.org/index.php/catalog/4527/download/57880,http://catalog.ihsn.org/index.php/catalog/4527/download/57880
http://catalog.ihsn.org/index.php/catalog/4449/download/57315,http://catalog.ihsn.org/index.php/catalog/4449/download/57316
http://catalog.ihsn.org/index.php/catalog/4528/download/57883,http://catalog.ihsn.org/index.php/catalog/4528/download/57885
http://catalog.ihsn.org/index.php/catalog/4408/download/57072,http://catalog.ihsn.org/index.php/catalog/4408/download/57080
http://catalog.ihsn.org/index.php/catalog/4772/download/60176,null
http://catalog.ihsn.org/index.php/catalog/4409/download/57081,http://catalog.ihsn.org/index.php/catalog/4409/download/57089
http://catalog.ihsn.org/index.php/catalog/4131/download/55351,http://catalog.ihsn.org/index.php/catalog/4131/download/55354
http://catalog.ihsn.org/index.php/catalog/4130/download/55343,http://catalog.ihsn.org/index.php/catalog/4130/download/55347
http://catalog.ihsn.org/index.php/catalog/3988/download/54267,"/W3C//DTD XHTML 1.0 Transitional//EN"" ""http://www.w3.org/TR/x"
http://catalog.ihsn.org/index.php/catalog/3889/download/53345,http://catalog.ihsn.org/index.php/catalog/3889/download/53343
"/W3C//DTD XHTML 1.0 Transitional//EN"" ""http://www.w3.org/TR/x",null
null,null
null,null
http://catalog.ihsn.org/index.php/catalog/1839/download/42710,http://catalog.ihsn.org/index.php/catalog/1839/download/42715
"/W3C//DTD XHTML 1.0 Transitional//EN"" ""http://www.w3.org/TR/x",null
http://catalog.ihsn.org/index.php/catalog/4747/download/59763,http://catalog.ihsn.org/index.php/catalog/4747/download/59769
http://catalog.ihsn.org/index.php/catalog/4451/download/57327,http://catalog.ihsn.org/index.php/catalog/4451/download/57328
http://catalog.ihsn.org/index.php/catalog/3943/download/53786,"/W3C//DTD XHTML 1.0 Transitional//EN"" ""http://www.w3.org/TR/x"
"/W3C//DTD XHTML 1.0 Transitional//EN"" ""http://www.w3.org/TR/x",null
"http://catalog.ihsn.org/index.php/catalog/185/download/65427""",null
http://catalog.ihsn.org/index.php/catalog/2498/download/38225,"/W3C//DTD XHTML 1.0 Transitional//EN"" ""http://www.w3.org/TR/x"
http://catalog.ihsn.org/index.php/catalog/2366/download/37364,http://catalog.ihsn.org/index.php/catalog/2366/download/37367
null,null
null,null
null,null
null,null
http://catalog.ihsn.org/index.php/catalog/3854/download/53235,http://catalog.ihsn.org/index.php/catalog/3854/download/53233
http://catalog.ihsn.org/index.php/catalog/1835/download/42699,null
http://catalog.ihsn.org/index.php/catalog/1836/download/42700,null
http://catalog.ihsn.org/index.php/catalog/1837/download/42701,null
http://catalog.ihsn.org/index.php/catalog/1838/download/42702,http://catalog.ihsn.org/index.php/catalog/1838/download/42707
"/W3C//DTD XHTML 1.0 Transitional//EN"" ""http://www.w3.org/TR/x",null
http://catalog.ihsn.org/index.php/catalog/4225/download/55784,null
http://catalog.ihsn.org/index.php/catalog/4450/download/57321,http://catalog.ihsn.org/index.php/catalog/4450/download/57322
http://catalog.ihsn.org/index.php/catalog/4040/download/54745,http://catalog.ihsn.org/index.php/catalog/4040/download/54749
http://catalog.ihsn.org/index.php/catalog/3159/download/46511,null
http://catalog.ihsn.org/index.php/catalog/4687/download/59190,null
"http://catalog.ihsn.org/index.php/catalog/191/download/29408""",null
"http://catalog.ihsn.org/index.php/catalog/192/download/29410""",null
http://catalog.ihsn.org/index.php/catalog/2263/download/29417,http://catalog.ihsn.org/index.php/catalog/2263/download/29424
"http://catalog.ihsn.org/index.php/catalog/198/download/29432""",null
"http://catalog.ihsn.org/index.php/catalog/193/download/29411""","http://catalog.ihsn.org/index.php/catalog/193/download/29411"""
"http://catalog.ihsn.org/index.php/catalog/197/download/29429""","/W3C//DTD XHTML 1.0 Transitional//EN"" ""http://www.w3.org/TR/x"
"/W3C//DTD XHTML 1.0 Transitional//EN"" ""http://www.w3.org/TR/x","/W3C//DTD XHTML 1.0 Transitional//EN"" ""http://www.w3.org/TR/x"
"http://catalog.ihsn.org/index.php/catalog/196/download/29428""",null
"http://catalog.ihsn.org/index.php/catalog/195/download/29425""",null
null,http://catalog.ihsn.org/index.php/catalog/1029/download/41059
null,http://catalog.ihsn.org/index.php/catalog/1030/download/41063
"http://catalog.ihsn.org/index.php/catalog/199/download/29443""",null
"http://catalog.ihsn.org/index.php/catalog/200/download/29450""","http://catalog.ihsn.org/index.php/catalog/200/download/29454"""
"/W3C//DTD XHTML 1.0 Transitional//EN"" ""http://www.w3.org/TR/x",null
http://catalog.ihsn.org/index.php/catalog/4043/download/54775,"/W3C//DTD XHTML 1.0 Transitional//EN"" ""http://www.w3.org/TR/x"
http://catalog.ihsn.org/index.php/catalog/4785/download/66754,null
http://catalog.ihsn.org/index.php/catalog/3022/download/45334,http://catalog.ihsn.org/index.php/catalog/3022/download/45338
http://catalog.ihsn.org/index.php/catalog/4452/download/57333,http://catalog.ihsn.org/index.php/catalog/4452/download/57334
"/W3C//DTD XHTML 1.0 Transitional//EN"" ""http://www.w3.org/TR/x","/W3C//DTD XHTML 1.0 Transitional//EN"" ""http://www.w3.org/TR/x"
"/W3C//DTD XHTML 1.0 Transitional//EN"" ""http://www.w3.org/TR/x","/W3C//DTD XHTML 1.0 Transitional//EN"" ""http://www.w3.org/TR/x"
null,null
null,null
null,null
http://catalog.ihsn.org/index.php/catalog/3679/download/51854,null
null,null
null,null
null,null
http://catalog.ihsn.org/index.php/catalog/3855/download/53239,http://catalog.ihsn.org/index.php/catalog/3855/download/53237
"http://catalog.ihsn.org/index.php/catalog/641/download/31519""",null
null,http://catalog.ihsn.org/index.php/catalog/3703/download/51967
null,http://catalog.ihsn.org/index.php/catalog/3699/download/51956
"/W3C//DTD XHTML 1.0 Transitional//EN"" ""http://www.w3.org/TR/x","/W3C//DTD XHTML 1.0 Transitional//EN"" ""http://www.w3.org/TR/x"
"http://catalog.ihsn.org/index.php/catalog/642/download/31520""",null
null,http://catalog.ihsn.org/index.php/catalog/3701/download/51961
null,http://catalog.ihsn.org/index.php/catalog/3702/download/51962
"http://catalog.ihsn.org/index.php/catalog/643/download/31521""","http://catalog.ihsn.org/index.php/catalog/643/download/31526"""
"http://catalog.ihsn.org/index.php/catalog/644/download/31529""","http://catalog.ihsn.org/index.php/catalog/644/download/31531"""
"http://catalog.ihsn.org/index.php/catalog/645/download/31535""","http://catalog.ihsn.org/index.php/catalog/645/download/31538"""
"http://catalog.ihsn.org/index.php/catalog/646/download/31542""","http://catalog.ihsn.org/index.php/catalog/646/download/31544"""
"/W3C//DTD XHTML 1.0 Transitional//EN"" ""http://www.w3.org/TR/x",null
http://catalog.ihsn.org/index.php/catalog/4918/download/60956,http://catalog.ihsn.org/index.php/catalog/4918/download/60962
"/W3C//DTD XHTML 1.0 Transitional//EN"" ""http://www.w3.org/TR/x","/W3C//DTD XHTML 1.0 Transitional//EN"" ""http://www.w3.org/TR/x"
"http://catalog.ihsn.org/index.php/catalog/904/download/40298""","http://catalog.ihsn.org/index.php/catalog/904/download/40299"""
http://catalog.ihsn.org/index.php/catalog/4725/download/59621,http://catalog.ihsn.org/index.php/catalog/4725/download/59620
http://catalog.ihsn.org/index.php/catalog/3878/download/53310,http://catalog.ihsn.org/index.php/catalog/3878/download/53308
http://catalog.ihsn.org/index.php/catalog/3879/download/53313,http://catalog.ihsn.org/index.php/catalog/3879/download/53311
http://catalog.ihsn.org/index.php/catalog/3090/download/45854,http://catalog.ihsn.org/index.php/catalog/3090/download/45856
http://catalog.ihsn.org/index.php/catalog/3604/download/50168,null
http://catalog.ihsn.org/index.php/catalog/3944/download/53797,"/W3C//DTD XHTML 1.0 Transitional//EN"" ""http://www.w3.org/TR/x"
"http://catalog.ihsn.org/index.php/catalog/647/download/31548""",null
"http://catalog.ihsn.org/index.php/catalog/648/download/31549""",null
"/W3C//DTD XHTML 1.0 Transitional//EN"" ""http://www.w3.org/TR/x",null
http://catalog.ihsn.org/index.php/catalog/3945/download/53813,"/W3C//DTD XHTML 1.0 Transitional//EN"" ""http://www.w3.org/TR/x"
http://catalog.ihsn.org/index.php/catalog/4453/download/57339,http://catalog.ihsn.org/index.php/catalog/4453/download/57340
http://catalog.ihsn.org/index.php/catalog/4917/download/60948,http://catalog.ihsn.org/index.php/catalog/4917/download/60952
null,null
"http://catalog.ihsn.org/index.php/catalog/202/download/29457""",null
"http://catalog.ihsn.org/index.php/catalog/203/download/29458""",null
"http://catalog.ihsn.org/index.php/catalog/206/download/29459""",null
"http://catalog.ihsn.org/index.php/catalog/209/download/29464""",null
"http://catalog.ihsn.org/index.php/catalog/216/download/29489""","http://catalog.ihsn.org/index.php/catalog/216/download/29490"""
"http://catalog.ihsn.org/index.php/catalog/215/download/29485""","/W3C//DTD XHTML 1.0 Transitional//EN"" ""http://www.w3.org/TR/x"
"http://catalog.ihsn.org/index.php/catalog/217/download/29491""","http://catalog.ihsn.org/index.php/catalog/217/download/29495"""
"http://catalog.ihsn.org/index.php/catalog/211/download/29465""","http://catalog.ihsn.org/index.php/catalog/211/download/29465"""
null,null
http://catalog.ihsn.org/index.php/catalog/4709/download/59376,http://catalog.ihsn.org/index.php/catalog/4709/download/59390
"http://catalog.ihsn.org/index.php/catalog/212/download/29475""","http://catalog.ihsn.org/index.php/catalog/212/download/29476"""
http://catalog.ihsn.org/index.php/catalog/3573/download/50062,http://catalog.ihsn.org/index.php/catalog/3573/download/50064
"http://catalog.ihsn.org/index.php/catalog/214/download/29484""",null
http://catalog.ihsn.org/index.php/catalog/4761/download/60055,http://catalog.ihsn.org/index.php/catalog/4761/download/60056
http://catalog.ihsn.org/index.php/catalog/4531/download/57894,http://catalog.ihsn.org/index.php/catalog/4531/download/57895
"http://catalog.ihsn.org/index.php/catalog/218/download/29496""","http://catalog.ihsn.org/index.php/catalog/218/download/29498"""
"/W3C//DTD XHTML 1.0 Transitional//EN"" ""http://www.w3.org/TR/x",null
http://catalog.ihsn.org/index.php/catalog/4530/download/57892,http://catalog.ihsn.org/index.php/catalog/4530/download/57890
http://catalog.ihsn.org/index.php/catalog/1537/download/42521,null
http://catalog.ihsn.org/index.php/catalog/4325/download/56484,http://catalog.ihsn.org/index.php/catalog/4325/download/56485
http://catalog.ihsn.org/index.php/catalog/1535/download/42518,"/W3C//DTD XHTML 1.0 Transitional//EN"" ""http://www.w3.org/TR/x"
http://catalog.ihsn.org/index.php/catalog/1517/download/42286,http://catalog.ihsn.org/index.php/catalog/1517/download/42289
null,"/W3C//DTD XHTML 1.0 Transitional//EN"" ""http://www.w3.org/TR/x"
http://catalog.ihsn.org/index.php/catalog/3579/download/50073,null
http://catalog.ihsn.org/index.php/catalog/1534/download/42510,http://catalog.ihsn.org/index.php/catalog/1534/download/42512
null,null
http://catalog.ihsn.org/index.php/catalog/1523/download/42333,http://catalog.ihsn.org/index.php/catalog/1523/download/42336
http://catalog.ihsn.org/index.php/catalog/1529/download/42460,http://catalog.ihsn.org/index.php/catalog/1529/download/42464
http://catalog.ihsn.org/index.php/catalog/1532/download/42499,http://catalog.ihsn.org/index.php/catalog/1532/download/42504
http://catalog.ihsn.org/index.php/catalog/1840/download/42718,http://catalog.ihsn.org/index.php/catalog/1840/download/42721
http://catalog.ihsn.org/index.php/catalog/1533/download/42506,"/W3C//DTD XHTML 1.0 Transitional//EN"" ""http://www.w3.org/TR/x"
http://catalog.ihsn.org/index.php/catalog/2330/download/37093,http://catalog.ihsn.org/index.php/catalog/2330/download/37113
"http://catalog.ihsn.org/index.php/catalog/945/download/40592""","http://catalog.ihsn.org/index.php/catalog/945/download/40593"""
null,null
http://catalog.ihsn.org/index.php/catalog/4916/download/60943,http://catalog.ihsn.org/index.php/catalog/4916/download/60945
"/W3C//DTD XHTML 1.0 Transitional//EN"" ""http://www.w3.org/TR/x",null
http://catalog.ihsn.org/index.php/catalog/4090/download/55136,http://catalog.ihsn.org/index.php/catalog/4090/download/55140
http://catalog.ihsn.org/index.php/catalog/3967/download/53977,"/W3C//DTD XHTML 1.0 Transitional//EN"" ""http://www.w3.org/TR/x"
null,null
null,null
null,null
null,null
null,null
http://catalog.ihsn.org/index.php/catalog/3856/download/53243,http://catalog.ihsn.org/index.php/catalog/3856/download/53241
"http://catalog.ihsn.org/index.php/catalog/650/download/31553""",null
"http://catalog.ihsn.org/index.php/catalog/651/download/31554""",null
null,http://catalog.ihsn.org/index.php/catalog/3598/download/50122
"http://catalog.ihsn.org/index.php/catalog/652/download/31555""","http://catalog.ihsn.org/index.php/catalog/652/download/31560"""
"http://catalog.ihsn.org/index.php/catalog/654/download/31569""",null
"http://catalog.ihsn.org/index.php/catalog/653/download/31563""","http://catalog.ihsn.org/index.php/catalog/653/download/31565"""
"http://catalog.ihsn.org/index.php/catalog/655/download/31574""","http://catalog.ihsn.org/index.php/catalog/655/download/31577"""
"http://catalog.ihsn.org/index.php/catalog/656/download/31581""","http://catalog.ihsn.org/index.php/catalog/656/download/31583"""
"/W3C//DTD XHTML 1.0 Transitional//EN"" ""http://www.w3.org/TR/x",null
http://catalog.ihsn.org/index.php/catalog/4919/download/60966,http://catalog.ihsn.org/index.php/catalog/4919/download/60972
http://catalog.ihsn.org/index.php/catalog/3857/download/53246,http://catalog.ihsn.org/index.php/catalog/3857/download/53244
"/W3C//DTD XHTML 1.0 Transitional//EN"" ""http://www.w3.org/TR/x","/W3C//DTD XHTML 1.0 Transitional//EN"" ""http://www.w3.org/TR/x"
"/W3C//DTD XHTML 1.0 Transitional//EN"" ""http://www.w3.org/TR/x",null
http://catalog.ihsn.org/index.php/catalog/2365/download/37348,http://catalog.ihsn.org/index.php/catalog/2365/download/37351
http://catalog.ihsn.org/index.php/catalog/3965/download/53903,"/W3C//DTD XHTML 1.0 Transitional//EN"" ""http://www.w3.org/TR/x"
http://catalog.ihsn.org/index.php/catalog/3966/download/53940,"/W3C//DTD XHTML 1.0 Transitional//EN"" ""http://www.w3.org/TR/x"
"http://catalog.ihsn.org/index.php/catalog/664/download/31605""",null
"http://catalog.ihsn.org/index.php/catalog/665/download/31606""",null
http://catalog.ihsn.org/index.php/catalog/3934/download/53654,"/W3C//DTD XHTML 1.0 Transitional//EN"" ""http://www.w3.org/TR/x"
"http://catalog.ihsn.org/index.php/catalog/666/download/31607""","http://catalog.ihsn.org/index.php/catalog/666/download/31612"""
"/W3C//DTD XHTML 1.0 Transitional//EN"" ""http://www.w3.org/TR/x",null
http://catalog.ihsn.org/index.php/catalog/4702/download/59304,http://catalog.ihsn.org/index.php/catalog/4702/download/59310
http://catalog.ihsn.org/index.php/catalog/3232/download/47837,http://catalog.ihsn.org/index.php/catalog/3232/download/47842
http://catalog.ihsn.org/index.php/catalog/2173/download/36712,http://catalog.ihsn.org/index.php/catalog/2173/download/36713
http://catalog.ihsn.org/index.php/catalog/5127/download/62288,http://catalog.ihsn.org/index.php/catalog/5127/download/62289
http://catalog.ihsn.org/index.php/catalog/2437/download/37892,"/W3C//DTD XHTML 1.0 Transitional//EN"" ""http://www.w3.org/TR/x"
http://catalog.ihsn.org/index.php/catalog/2438/download/37897,"/W3C//DTD XHTML 1.0 Transitional//EN"" ""http://www.w3.org/TR/x"
http://catalog.ihsn.org/index.php/catalog/2439/download/37901,"/W3C//DTD XHTML 1.0 Transitional//EN"" ""http://www.w3.org/TR/x"
http://catalog.ihsn.org/index.php/catalog/2440/download/37916,null
"http://catalog.ihsn.org/index.php/catalog/908/download/40309""","http://catalog.ihsn.org/index.php/catalog/908/download/40309"""
http://catalog.ihsn.org/index.php/catalog/1031/download/41067,http://catalog.ihsn.org/index.php/catalog/1031/download/41070
null,http://catalog.ihsn.org/index.php/catalog/1032/download/41075
null,null
http://catalog.ihsn.org/index.php/catalog/4734/download/59684,"/W3C//DTD XHTML 1.0 Transitional//EN"" ""http://www.w3.org/TR/x"
"http://catalog.ihsn.org/index.php/catalog/859/download/39843""","http://catalog.ihsn.org/index.php/catalog/859/download/39858"""
"http://catalog.ihsn.org/index.php/catalog/860/download/39869""","http://catalog.ihsn.org/index.php/catalog/860/download/39884"""
"http://catalog.ihsn.org/index.php/catalog/947/download/40651""",null
http://catalog.ihsn.org/index.php/catalog/4535/download/57933,http://catalog.ihsn.org/index.php/catalog/4535/download/57932
"http://catalog.ihsn.org/index.php/catalog/861/download/39895""","http://catalog.ihsn.org/index.php/catalog/861/download/39909"""
"http://catalog.ihsn.org/index.php/catalog/862/download/39918""","http://catalog.ihsn.org/index.php/catalog/862/download/39936"""
"http://catalog.ihsn.org/index.php/catalog/667/download/31615""","http://catalog.ihsn.org/index.php/catalog/667/download/31620"""
"http://catalog.ihsn.org/index.php/catalog/668/download/31623""","/W3C//DTD XHTML 1.0 Transitional//EN"" ""http://www.w3.org/TR/x"
"http://catalog.ihsn.org/index.php/catalog/669/download/31628""",null
http://catalog.ihsn.org/index.php/catalog/4143/download/55404,"/W3C//DTD XHTML 1.0 Transitional//EN"" ""http://www.w3.org/TR/x"
http://catalog.ihsn.org/index.php/catalog/4308/download/56381,"/W3C//DTD XHTML 1.0 Transitional//EN"" ""http://www.w3.org/TR/x"
"/W3C//DTD XHTML 1.0 Transitional//EN"" ""http://www.w3.org/TR/x",null
http://catalog.ihsn.org/index.php/catalog/4039/download/54742,"/W3C//DTD XHTML 1.0 Transitional//EN"" ""http://www.w3.org/TR/x"
http://catalog.ihsn.org/index.php/catalog/2299/download/36531,http://catalog.ihsn.org/index.php/catalog/2299/download/36547
http://catalog.ihsn.org/index.php/catalog/2264/download/30229,null
http://catalog.ihsn.org/index.php/catalog/2302/download/36948,null
http://catalog.ihsn.org/index.php/catalog/2303/download/36950,null
http://catalog.ihsn.org/index.php/catalog/2150/download/36584,null
http://catalog.ihsn.org/index.php/catalog/2304/download/36952,null
http://catalog.ihsn.org/index.php/catalog/2448/download/37967,"/W3C//DTD XHTML 1.0 Transitional//EN"" ""http://www.w3.org/TR/x"
http://catalog.ihsn.org/index.php/catalog/2449/download/37973,"/W3C//DTD XHTML 1.0 Transitional//EN"" ""http://www.w3.org/TR/x"
null,http://catalog.ihsn.org/index.php/catalog/2889/download/43951
http://catalog.ihsn.org/index.php/catalog/2450/download/37979,"/W3C//DTD XHTML 1.0 Transitional//EN"" ""http://www.w3.org/TR/x"
http://catalog.ihsn.org/index.php/catalog/2451/download/37987,"/W3C//DTD XHTML 1.0 Transitional//EN"" ""http://www.w3.org/TR/x"
null,"/W3C//DTD XHTML 1.0 Transitional//EN"" ""http://www.w3.org/TR/x"
"http://catalog.ihsn.org/index.php/catalog/915/download/40319""","/W3C//DTD XHTML 1.0 Transitional//EN"" ""http://www.w3.org/TR/x"
http://catalog.ihsn.org/index.php/catalog/2964/download/44678,null
null,null
null,http://catalog.ihsn.org/index.php/catalog/2948/download/44513
null,null
http://catalog.ihsn.org/index.php/catalog/2143/download/36526,http://catalog.ihsn.org/index.php/catalog/2143/download/36527
null,null
null,null
http://catalog.ihsn.org/index.php/catalog/4576/download/58264,http://catalog.ihsn.org/index.php/catalog/4576/download/58269
null,null
null,null
null,http://catalog.ihsn.org/index.php/catalog/2949/download/44514
http://catalog.ihsn.org/index.php/catalog/4710/download/59394,http://catalog.ihsn.org/index.php/catalog/4710/download/59408
http://catalog.ihsn.org/index.php/catalog/2146/download/36563,http://catalog.ihsn.org/index.php/catalog/2146/download/36573
http://catalog.ihsn.org/index.php/catalog/4577/download/58285,http://catalog.ihsn.org/index.php/catalog/4577/download/58284
"/W3C//DTD XHTML 1.0 Transitional//EN"" ""http://www.w3.org/TR/x","/W3C//DTD XHTML 1.0 Transitional//EN"" ""http://www.w3.org/TR/x"
null,http://catalog.ihsn.org/index.php/catalog/2950/download/44515
"http://catalog.ihsn.org/index.php/catalog/672/download/31639""",null
http://catalog.ihsn.org/index.php/catalog/2147/download/36580,http://catalog.ihsn.org/index.php/catalog/2147/download/36581
http://catalog.ihsn.org/index.php/catalog/2970/download/44697,http://catalog.ihsn.org/index.php/catalog/2970/download/44699
http://catalog.ihsn.org/index.php/catalog/4760/download/60032,http://catalog.ihsn.org/index.php/catalog/4760/download/60033
http://catalog.ihsn.org/index.php/catalog/4579/download/58289,http://catalog.ihsn.org/index.php/catalog/4579/download/58290
http://catalog.ihsn.org/index.php/catalog/2152/download/36586,http://catalog.ihsn.org/index.php/catalog/2152/download/36587
http://catalog.ihsn.org/index.php/catalog/2315/download/36975,http://catalog.ihsn.org/index.php/catalog/2315/download/36979
http://catalog.ihsn.org/index.php/catalog/3639/download/51543,"/W3C//DTD XHTML 1.0 Transitional//EN"" ""http://www.w3.org/TR/x"
http://catalog.ihsn.org/index.php/catalog/2151/download/36585,null
http://catalog.ihsn.org/index.php/catalog/4145/download/55409,"/W3C//DTD XHTML 1.0 Transitional//EN"" ""http://www.w3.org/TR/x"
"http://catalog.ihsn.org/index.php/catalog/673/download/31640""","http://catalog.ihsn.org/index.php/catalog/673/download/31644"""
http://catalog.ihsn.org/index.php/catalog/4580/download/58292,http://catalog.ihsn.org/index.php/catalog/4580/download/58291
http://catalog.ihsn.org/index.php/catalog/2301/download/36915,null
"/W3C//DTD XHTML 1.0 Transitional//EN"" ""http://www.w3.org/TR/x",null
http://catalog.ihsn.org/index.php/catalog/2943/download/44496,http://catalog.ihsn.org/index.php/catalog/2943/download/44499
http://catalog.ihsn.org/index.php/catalog/4134/download/55367,http://catalog.ihsn.org/index.php/catalog/4134/download/55370
http://catalog.ihsn.org/index.php/catalog/4460/download/57381,http://catalog.ihsn.org/index.php/catalog/4460/download/57382
http://catalog.ihsn.org/index.php/catalog/4582/download/58295,http://catalog.ihsn.org/index.php/catalog/4582/download/58297
"http://catalog.ihsn.org/index.php/catalog/438/download/30832""",null
"http://catalog.ihsn.org/index.php/catalog/440/download/30837""",null
"http://catalog.ihsn.org/index.php/catalog/442/download/30844""",null
"http://catalog.ihsn.org/index.php/catalog/444/download/30848""",null
"/W3C//DTD XHTML 1.0 Transitional//EN"" ""http://www.w3.org/TR/x","/W3C//DTD XHTML 1.0 Transitional//EN"" ""http://www.w3.org/TR/x"
"http://catalog.ihsn.org/index.php/catalog/674/download/31647""",null
"http://catalog.ihsn.org/index.php/catalog/675/download/31651""",null
http://catalog.ihsn.org/index.php/catalog/4581/download/58293,http://catalog.ihsn.org/index.php/catalog/4581/download/58294
"/W3C//DTD XHTML 1.0 Transitional//EN"" ""http://www.w3.org/TR/x",null
http://catalog.ihsn.org/index.php/catalog/3989/download/54276,"/W3C//DTD XHTML 1.0 Transitional//EN"" ""http://www.w3.org/TR/x"
http://catalog.ihsn.org/index.php/catalog/4461/download/57387,http://catalog.ihsn.org/index.php/catalog/4461/download/57388
"http://catalog.ihsn.org/index.php/catalog/221/download/29510""",null
http://catalog.ihsn.org/index.php/catalog/4273/download/56171,http://catalog.ihsn.org/index.php/catalog/4273/download/56172
"http://catalog.ihsn.org/index.php/catalog/223/download/29522""","/W3C//DTD XHTML 1.0 Transitional//EN"" ""http://www.w3.org/TR/x"
http://catalog.ihsn.org/index.php/catalog/2317/download/37006,http://catalog.ihsn.org/index.php/catalog/2317/download/37017
"http://catalog.ihsn.org/index.php/catalog/219/download/29503""","http://catalog.ihsn.org/index.php/catalog/219/download/29505"""
"http://catalog.ihsn.org/index.php/catalog/222/download/29512""","http://catalog.ihsn.org/index.php/catalog/222/download/29519"""
http://catalog.ihsn.org/index.php/catalog/3936/download/53680,"/W3C//DTD XHTML 1.0 Transitional//EN"" ""http://www.w3.org/TR/x"
