null,null
http://catalog.ihsn.org/index.php/catalog/3233/download/47848,http://catalog.ihsn.org/index.php/catalog/3233/download/47850
"http://catalog.ihsn.org/index.php/catalog/436/download/65680""",null
"http://catalog.ihsn.org/index.php/catalog/448/download/65684""",null
http://catalog.ihsn.org/index.php/catalog/2441/download/37921,"/W3C//DTD XHTML 1.0 Transitional//EN"" ""http://www.w3.org/TR/x"
http://catalog.ihsn.org/index.php/catalog/2442/download/37926,"/W3C//DTD XHTML 1.0 Transitional//EN"" ""http://www.w3.org/TR/x"
http://catalog.ihsn.org/index.php/catalog/2443/download/37932,"/W3C//DTD XHTML 1.0 Transitional//EN"" ""http://www.w3.org/TR/x"
http://catalog.ihsn.org/index.php/catalog/2444/download/37942,"/W3C//DTD XHTML 1.0 Transitional//EN"" ""http://www.w3.org/TR/x"
http://catalog.ihsn.org/index.php/catalog/5128/download/62290,"/W3C//DTD XHTML 1.0 Transitional//EN"" ""http://www.w3.org/TR/x"
"/W3C//DTD XHTML 1.0 Transitional//EN"" ""http://www.w3.org/TR/x","/W3C//DTD XHTML 1.0 Transitional//EN"" ""http://www.w3.org/TR/x"
http://catalog.ihsn.org/index.php/catalog/4144/download/55406,null
"http://catalog.ihsn.org/index.php/catalog/924/download/40356""","http://catalog.ihsn.org/index.php/catalog/924/download/40360"""
null,http://catalog.ihsn.org/index.php/catalog/1033/download/41080
"http://catalog.ihsn.org/index.php/catalog/676/download/31660""","/W3C//DTD XHTML 1.0 Transitional//EN"" ""http://www.w3.org/TR/x"
"http://catalog.ihsn.org/index.php/catalog/677/download/31668""",null
"http://catalog.ihsn.org/index.php/catalog/678/download/31675""",null
"/W3C//DTD XHTML 1.0 Transitional//EN"" ""http://www.w3.org/TR/x",null
http://catalog.ihsn.org/index.php/catalog/4536/download/57934,null
http://catalog.ihsn.org/index.php/catalog/4537/download/57941,null
http://catalog.ihsn.org/index.php/catalog/4538/download/57948,null
http://catalog.ihsn.org/index.php/catalog/4539/download/57957,null
http://catalog.ihsn.org/index.php/catalog/4540/download/57965,null
http://catalog.ihsn.org/index.php/catalog/4541/download/57973,null
http://catalog.ihsn.org/index.php/catalog/4542/download/57981,null
http://catalog.ihsn.org/index.php/catalog/4543/download/57990,null
http://catalog.ihsn.org/index.php/catalog/4544/download/57998,null
http://catalog.ihsn.org/index.php/catalog/4545/download/58006,null
http://catalog.ihsn.org/index.php/catalog/4546/download/58014,null
http://catalog.ihsn.org/index.php/catalog/4547/download/58023,null
http://catalog.ihsn.org/index.php/catalog/4548/download/58031,null
http://catalog.ihsn.org/index.php/catalog/4549/download/58039,null
http://catalog.ihsn.org/index.php/catalog/4550/download/58047,null
http://catalog.ihsn.org/index.php/catalog/4551/download/58055,null
http://catalog.ihsn.org/index.php/catalog/4552/download/58063,null
http://catalog.ihsn.org/index.php/catalog/4553/download/58071,null
http://catalog.ihsn.org/index.php/catalog/4554/download/58079,null
http://catalog.ihsn.org/index.php/catalog/4559/download/58127,http://catalog.ihsn.org/index.php/catalog/4559/download/58129
http://catalog.ihsn.org/index.php/catalog/4560/download/58137,http://catalog.ihsn.org/index.php/catalog/4560/download/58139
http://catalog.ihsn.org/index.php/catalog/4561/download/58147,http://catalog.ihsn.org/index.php/catalog/4561/download/58149
http://catalog.ihsn.org/index.php/catalog/4562/download/58157,http://catalog.ihsn.org/index.php/catalog/4562/download/58159
http://catalog.ihsn.org/index.php/catalog/4563/download/58167,null
http://catalog.ihsn.org/index.php/catalog/4564/download/58176,null
http://catalog.ihsn.org/index.php/catalog/4565/download/58185,null
http://catalog.ihsn.org/index.php/catalog/4566/download/58194,null
http://catalog.ihsn.org/index.php/catalog/3017/download/45266,null
http://catalog.ihsn.org/index.php/catalog/3016/download/45253,null
http://catalog.ihsn.org/index.php/catalog/3015/download/45240,null
http://catalog.ihsn.org/index.php/catalog/3014/download/45227,null
http://catalog.ihsn.org/index.php/catalog/3006/download/45152,null
http://catalog.ihsn.org/index.php/catalog/3005/download/45139,null
http://catalog.ihsn.org/index.php/catalog/3004/download/45126,null
http://catalog.ihsn.org/index.php/catalog/3003/download/45112,null
http://catalog.ihsn.org/index.php/catalog/2997/download/45078,null
http://catalog.ihsn.org/index.php/catalog/2996/download/45065,null
http://catalog.ihsn.org/index.php/catalog/2995/download/45052,null
http://catalog.ihsn.org/index.php/catalog/2994/download/45039,null
http://catalog.ihsn.org/index.php/catalog/2993/download/45026,null
http://catalog.ihsn.org/index.php/catalog/2992/download/45013,null
http://catalog.ihsn.org/index.php/catalog/2991/download/45000,null
http://catalog.ihsn.org/index.php/catalog/2990/download/44987,null
http://catalog.ihsn.org/index.php/catalog/4555/download/58087,http://catalog.ihsn.org/index.php/catalog/4555/download/58088
http://catalog.ihsn.org/index.php/catalog/4556/download/58097,http://catalog.ihsn.org/index.php/catalog/4556/download/58099
http://catalog.ihsn.org/index.php/catalog/4557/download/58107,http://catalog.ihsn.org/index.php/catalog/4557/download/58109
http://catalog.ihsn.org/index.php/catalog/4558/download/58117,http://catalog.ihsn.org/index.php/catalog/4558/download/58119
http://catalog.ihsn.org/index.php/catalog/4567/download/58203,null
http://catalog.ihsn.org/index.php/catalog/4697/download/59277,null
http://catalog.ihsn.org/index.php/catalog/3960/download/53824,http://catalog.ihsn.org/index.php/catalog/3960/download/53825
http://catalog.ihsn.org/index.php/catalog/3961/download/53835,http://catalog.ihsn.org/index.php/catalog/3961/download/53846
http://catalog.ihsn.org/index.php/catalog/3962/download/53848,http://catalog.ihsn.org/index.php/catalog/3962/download/53849
http://catalog.ihsn.org/index.php/catalog/3963/download/53859,http://catalog.ihsn.org/index.php/catalog/3963/download/53873
http://catalog.ihsn.org/index.php/catalog/3964/download/53880,http://catalog.ihsn.org/index.php/catalog/3964/download/53899
http://catalog.ihsn.org/index.php/catalog/3010/download/45189,http://catalog.ihsn.org/index.php/catalog/3010/download/45195
http://catalog.ihsn.org/index.php/catalog/3971/download/54023,http://catalog.ihsn.org/index.php/catalog/3971/download/54033
"http://catalog.ihsn.org/index.php/catalog/450/download/65556""","http://catalog.ihsn.org/index.php/catalog/450/download/65555"""
"http://catalog.ihsn.org/index.php/catalog/452/download/65560""","http://catalog.ihsn.org/index.php/catalog/452/download/65559"""
"http://catalog.ihsn.org/index.php/catalog/455/download/65570""","http://catalog.ihsn.org/index.php/catalog/455/download/65569"""
"http://catalog.ihsn.org/index.php/catalog/457/download/30904""",null
"http://catalog.ihsn.org/index.php/catalog/459/download/65585""",null
"http://catalog.ihsn.org/index.php/catalog/460/download/65590""",null
http://catalog.ihsn.org/index.php/catalog/3582/download/65653,null
http://catalog.ihsn.org/index.php/catalog/2534/download/38406,"/W3C//DTD XHTML 1.0 Transitional//EN"" ""http://www.w3.org/TR/x"
http://catalog.ihsn.org/index.php/catalog/3834/download/53174,http://catalog.ihsn.org/index.php/catalog/3834/download/53172
http://catalog.ihsn.org/index.php/catalog/4974/download/61379,null
http://catalog.ihsn.org/index.php/catalog/4978/download/61399,null
http://catalog.ihsn.org/index.php/catalog/4982/download/61419,null
http://catalog.ihsn.org/index.php/catalog/4977/download/61394,null
http://catalog.ihsn.org/index.php/catalog/4976/download/61389,null
http://catalog.ihsn.org/index.php/catalog/4975/download/61384,null
http://catalog.ihsn.org/index.php/catalog/4981/download/61414,null
http://catalog.ihsn.org/index.php/catalog/4980/download/61409,null
http://catalog.ihsn.org/index.php/catalog/4979/download/61404,null
http://catalog.ihsn.org/index.php/catalog/4986/download/61439,null
http://catalog.ihsn.org/index.php/catalog/4990/download/61459,null
http://catalog.ihsn.org/index.php/catalog/4994/download/61479,null
http://catalog.ihsn.org/index.php/catalog/4983/download/61424,null
http://catalog.ihsn.org/index.php/catalog/4989/download/61454,null
http://catalog.ihsn.org/index.php/catalog/4988/download/61449,null
http://catalog.ihsn.org/index.php/catalog/4985/download/61434,null
http://catalog.ihsn.org/index.php/catalog/4987/download/61444,null
http://catalog.ihsn.org/index.php/catalog/4993/download/61474,null
http://catalog.ihsn.org/index.php/catalog/4992/download/61469,null
http://catalog.ihsn.org/index.php/catalog/4991/download/61464,null
http://catalog.ihsn.org/index.php/catalog/4995/download/61484,null
http://catalog.ihsn.org/index.php/catalog/4996/download/61490,null
http://catalog.ihsn.org/index.php/catalog/4997/download/61496,null
http://catalog.ihsn.org/index.php/catalog/4998/download/61502,null
http://catalog.ihsn.org/index.php/catalog/5002/download/61526,null
http://catalog.ihsn.org/index.php/catalog/5006/download/61550,null
http://catalog.ihsn.org/index.php/catalog/5001/download/61520,null
http://catalog.ihsn.org/index.php/catalog/5000/download/61514,null
http://catalog.ihsn.org/index.php/catalog/4999/download/61508,null
http://catalog.ihsn.org/index.php/catalog/5005/download/61544,null
http://catalog.ihsn.org/index.php/catalog/5004/download/61538,null
http://catalog.ihsn.org/index.php/catalog/5003/download/61532,null
"/W3C//DTD XHTML 1.0 Transitional//EN"" ""http://www.w3.org/TR/x","/W3C//DTD XHTML 1.0 Transitional//EN"" ""http://www.w3.org/TR/x"
http://catalog.ihsn.org/index.php/catalog/5010/download/61574,null
http://catalog.ihsn.org/index.php/catalog/5014/download/61598,null
http://catalog.ihsn.org/index.php/catalog/5018/download/61622,null
http://catalog.ihsn.org/index.php/catalog/5007/download/61556,null
http://catalog.ihsn.org/index.php/catalog/5008/download/61562,null
http://catalog.ihsn.org/index.php/catalog/5013/download/61592,null
http://catalog.ihsn.org/index.php/catalog/5012/download/61586,null
http://catalog.ihsn.org/index.php/catalog/5009/download/61568,null
http://catalog.ihsn.org/index.php/catalog/5011/download/61580,null
http://catalog.ihsn.org/index.php/catalog/5017/download/61616,null
http://catalog.ihsn.org/index.php/catalog/5016/download/61610,null
http://catalog.ihsn.org/index.php/catalog/5015/download/61604,null
http://catalog.ihsn.org/index.php/catalog/5022/download/61646,null
http://catalog.ihsn.org/index.php/catalog/5026/download/61670,null
http://catalog.ihsn.org/index.php/catalog/5030/download/61694,null
http://catalog.ihsn.org/index.php/catalog/5019/download/61628,null
http://catalog.ihsn.org/index.php/catalog/5020/download/61634,null
http://catalog.ihsn.org/index.php/catalog/5025/download/61664,null
http://catalog.ihsn.org/index.php/catalog/5024/download/61658,null
http://catalog.ihsn.org/index.php/catalog/5021/download/61640,null
http://catalog.ihsn.org/index.php/catalog/5023/download/61652,null
http://catalog.ihsn.org/index.php/catalog/5029/download/61688,null
http://catalog.ihsn.org/index.php/catalog/5028/download/61682,null
http://catalog.ihsn.org/index.php/catalog/5027/download/61676,null
http://catalog.ihsn.org/index.php/catalog/4795/download/60361,http://catalog.ihsn.org/index.php/catalog/4795/download/60371
http://catalog.ihsn.org/index.php/catalog/5033/download/61712,null
http://catalog.ihsn.org/index.php/catalog/5037/download/61736,null
http://catalog.ihsn.org/index.php/catalog/5041/download/61760,null
http://catalog.ihsn.org/index.php/catalog/4946/download/61189,null
http://catalog.ihsn.org/index.php/catalog/5031/download/61700,null
http://catalog.ihsn.org/index.php/catalog/5036/download/61730,null
http://catalog.ihsn.org/index.php/catalog/5035/download/61724,null
http://catalog.ihsn.org/index.php/catalog/5032/download/61706,null
http://catalog.ihsn.org/index.php/catalog/5034/download/61718,null
http://catalog.ihsn.org/index.php/catalog/5040/download/61754,null
http://catalog.ihsn.org/index.php/catalog/5039/download/61748,null
http://catalog.ihsn.org/index.php/catalog/5038/download/61742,null
"http://catalog.ihsn.org/index.php/catalog/684/download/31702""","http://catalog.ihsn.org/index.php/catalog/684/download/31707"""
http://catalog.ihsn.org/index.php/catalog/2338/download/37180,http://catalog.ihsn.org/index.php/catalog/2338/download/37187
http://catalog.ihsn.org/index.php/catalog/5045/download/61784,null
http://catalog.ihsn.org/index.php/catalog/5049/download/61808,null
http://catalog.ihsn.org/index.php/catalog/5053/download/61832,null
http://catalog.ihsn.org/index.php/catalog/5042/download/61766,null
http://catalog.ihsn.org/index.php/catalog/5043/download/61772,null
http://catalog.ihsn.org/index.php/catalog/5048/download/61802,null
http://catalog.ihsn.org/index.php/catalog/5047/download/61796,null
http://catalog.ihsn.org/index.php/catalog/5044/download/61778,null
http://catalog.ihsn.org/index.php/catalog/5046/download/61790,null
http://catalog.ihsn.org/index.php/catalog/5052/download/61826,null
http://catalog.ihsn.org/index.php/catalog/5051/download/61820,null
http://catalog.ihsn.org/index.php/catalog/5050/download/61814,null
http://catalog.ihsn.org/index.php/catalog/2339/download/37190,http://catalog.ihsn.org/index.php/catalog/2339/download/37197
http://catalog.ihsn.org/index.php/catalog/5057/download/61856,null
http://catalog.ihsn.org/index.php/catalog/5061/download/61880,null
http://catalog.ihsn.org/index.php/catalog/5065/download/61904,null
http://catalog.ihsn.org/index.php/catalog/5054/download/61838,null
http://catalog.ihsn.org/index.php/catalog/5055/download/61844,null
http://catalog.ihsn.org/index.php/catalog/5060/download/61874,null
http://catalog.ihsn.org/index.php/catalog/5059/download/61868,null
http://catalog.ihsn.org/index.php/catalog/5056/download/61850,null
http://catalog.ihsn.org/index.php/catalog/5058/download/61862,null
http://catalog.ihsn.org/index.php/catalog/5064/download/61898,null
http://catalog.ihsn.org/index.php/catalog/5063/download/61892,null
http://catalog.ihsn.org/index.php/catalog/5062/download/61886,null
http://catalog.ihsn.org/index.php/catalog/5069/download/61928,null
http://catalog.ihsn.org/index.php/catalog/5073/download/61952,null
http://catalog.ihsn.org/index.php/catalog/5077/download/61976,null
http://catalog.ihsn.org/index.php/catalog/5066/download/61910,null
http://catalog.ihsn.org/index.php/catalog/5067/download/61916,null
http://catalog.ihsn.org/index.php/catalog/5072/download/61946,null
http://catalog.ihsn.org/index.php/catalog/5071/download/61940,null
http://catalog.ihsn.org/index.php/catalog/5068/download/61922,null
http://catalog.ihsn.org/index.php/catalog/5070/download/61934,null
http://catalog.ihsn.org/index.php/catalog/5076/download/61970,null
http://catalog.ihsn.org/index.php/catalog/5075/download/61964,null
http://catalog.ihsn.org/index.php/catalog/5074/download/61958,null
http://catalog.ihsn.org/index.php/catalog/4568/download/58215,null
http://catalog.ihsn.org/index.php/catalog/2340/download/65623,http://catalog.ihsn.org/index.php/catalog/2340/download/65631
http://catalog.ihsn.org/index.php/catalog/2341/download/37211,http://catalog.ihsn.org/index.php/catalog/2341/download/37219
http://catalog.ihsn.org/index.php/catalog/5081/download/62000,null
http://catalog.ihsn.org/index.php/catalog/5085/download/62024,null
http://catalog.ihsn.org/index.php/catalog/5089/download/62048,null
http://catalog.ihsn.org/index.php/catalog/5078/download/61982,null
http://catalog.ihsn.org/index.php/catalog/5079/download/61988,null
http://catalog.ihsn.org/index.php/catalog/5084/download/62018,null
http://catalog.ihsn.org/index.php/catalog/5083/download/62012,null
http://catalog.ihsn.org/index.php/catalog/5080/download/61994,null
http://catalog.ihsn.org/index.php/catalog/5082/download/62006,null
http://catalog.ihsn.org/index.php/catalog/5088/download/62042,null
http://catalog.ihsn.org/index.php/catalog/5087/download/62036,null
http://catalog.ihsn.org/index.php/catalog/5086/download/62030,null
http://catalog.ihsn.org/index.php/catalog/1822/download/42620,http://catalog.ihsn.org/index.php/catalog/1822/download/42627
http://catalog.ihsn.org/index.php/catalog/5093/download/62072,null
http://catalog.ihsn.org/index.php/catalog/5097/download/62096,null
http://catalog.ihsn.org/index.php/catalog/5101/download/62120,http://catalog.ihsn.org/index.php/catalog/5101/download/62127
http://catalog.ihsn.org/index.php/catalog/5090/download/62054,null
http://catalog.ihsn.org/index.php/catalog/5091/download/62060,null
http://catalog.ihsn.org/index.php/catalog/5096/download/62090,null
http://catalog.ihsn.org/index.php/catalog/5095/download/62084,null
http://catalog.ihsn.org/index.php/catalog/5092/download/62066,null
http://catalog.ihsn.org/index.php/catalog/5094/download/62078,null
http://catalog.ihsn.org/index.php/catalog/5100/download/62114,null
http://catalog.ihsn.org/index.php/catalog/5099/download/62108,null
http://catalog.ihsn.org/index.php/catalog/5098/download/62102,null
"/W3C//DTD XHTML 1.0 Transitional//EN"" ""http://www.w3.org/TR/x",null
http://catalog.ihsn.org/index.php/catalog/5135/download/62400,http://catalog.ihsn.org/index.php/catalog/5135/download/62401
http://catalog.ihsn.org/index.php/catalog/5105/download/62146,null
http://catalog.ihsn.org/index.php/catalog/5109/download/62170,null
http://catalog.ihsn.org/index.php/catalog/5113/download/62194,null
http://catalog.ihsn.org/index.php/catalog/5102/download/62128,null
http://catalog.ihsn.org/index.php/catalog/5103/download/62134,null
http://catalog.ihsn.org/index.php/catalog/5108/download/62164,null
http://catalog.ihsn.org/index.php/catalog/5107/download/62158,null
http://catalog.ihsn.org/index.php/catalog/5104/download/62140,null
http://catalog.ihsn.org/index.php/catalog/5106/download/62152,null
http://catalog.ihsn.org/index.php/catalog/5112/download/62188,null
http://catalog.ihsn.org/index.php/catalog/5111/download/62182,null
http://catalog.ihsn.org/index.php/catalog/5110/download/62176,null
http://catalog.ihsn.org/index.php/catalog/5117/download/62218,null
http://catalog.ihsn.org/index.php/catalog/4962/download/61307,null
http://catalog.ihsn.org/index.php/catalog/4966/download/61331,null
http://catalog.ihsn.org/index.php/catalog/5115/download/62206,null
http://catalog.ihsn.org/index.php/catalog/5114/download/62200,null
http://catalog.ihsn.org/index.php/catalog/4961/download/61301,null
http://catalog.ihsn.org/index.php/catalog/4960/download/61295,null
http://catalog.ihsn.org/index.php/catalog/5116/download/62212,null
http://catalog.ihsn.org/index.php/catalog/5118/download/62224,null
http://catalog.ihsn.org/index.php/catalog/4965/download/61325,null
http://catalog.ihsn.org/index.php/catalog/4964/download/61319,null
http://catalog.ihsn.org/index.php/catalog/4963/download/61313,null
http://catalog.ihsn.org/index.php/catalog/4970/download/61355,null
http://catalog.ihsn.org/index.php/catalog/4967/download/61337,null
http://catalog.ihsn.org/index.php/catalog/4968/download/61343,null
http://catalog.ihsn.org/index.php/catalog/4973/download/61373,null
http://catalog.ihsn.org/index.php/catalog/4972/download/61367,null
http://catalog.ihsn.org/index.php/catalog/4969/download/61349,null
http://catalog.ihsn.org/index.php/catalog/4971/download/61361,null
http://catalog.ihsn.org/index.php/catalog/4272/download/56166,http://catalog.ihsn.org/index.php/catalog/4272/download/56169
http://catalog.ihsn.org/index.php/catalog/2499/download/38229,"/W3C//DTD XHTML 1.0 Transitional//EN"" ""http://www.w3.org/TR/x"
"http://catalog.ihsn.org/index.php/catalog/917/download/40322""","http://catalog.ihsn.org/index.php/catalog/917/download/40322"""
null,null
"http://catalog.ihsn.org/index.php/catalog/695/download/31741""",null
"http://catalog.ihsn.org/index.php/catalog/696/download/31742""",null
"http://catalog.ihsn.org/index.php/catalog/697/download/31743""",null
"http://catalog.ihsn.org/index.php/catalog/698/download/31744""","http://catalog.ihsn.org/index.php/catalog/698/download/31749"""
"/W3C//DTD XHTML 1.0 Transitional//EN"" ""http://www.w3.org/TR/x",null
http://catalog.ihsn.org/index.php/catalog/4456/download/57357,http://catalog.ihsn.org/index.php/catalog/4456/download/57358
http://catalog.ihsn.org/index.php/catalog/4534/download/57921,http://catalog.ihsn.org/index.php/catalog/4534/download/57927
http://catalog.ihsn.org/index.php/catalog/3859/download/53252,http://catalog.ihsn.org/index.php/catalog/3859/download/53250
"/W3C//DTD XHTML 1.0 Transitional//EN"" ""http://www.w3.org/TR/x","/W3C//DTD XHTML 1.0 Transitional//EN"" ""http://www.w3.org/TR/x"
"/W3C//DTD XHTML 1.0 Transitional//EN"" ""http://www.w3.org/TR/x",null
http://catalog.ihsn.org/index.php/catalog/3330/download/48504,null
null,null
null,http://catalog.ihsn.org/index.php/catalog/3335/download/48509
http://catalog.ihsn.org/index.php/catalog/3338/download/48512,http://catalog.ihsn.org/index.php/catalog/3338/download/48514
http://catalog.ihsn.org/index.php/catalog/3616/download/50259,null
http://catalog.ihsn.org/index.php/catalog/4199/download/55632,null
null,null
http://catalog.ihsn.org/index.php/catalog/3907/download/53418,http://catalog.ihsn.org/index.php/catalog/3907/download/53419
http://catalog.ihsn.org/index.php/catalog/3908/download/53422,http://catalog.ihsn.org/index.php/catalog/3908/download/53424
http://catalog.ihsn.org/index.php/catalog/3340/download/48526,null
http://catalog.ihsn.org/index.php/catalog/2556/download/38502,"/W3C//DTD XHTML 1.0 Transitional//EN"" ""http://www.w3.org/TR/x"
http://catalog.ihsn.org/index.php/catalog/2557/download/38507,"/W3C//DTD XHTML 1.0 Transitional//EN"" ""http://www.w3.org/TR/x"
http://catalog.ihsn.org/index.php/catalog/2558/download/38512,"/W3C//DTD XHTML 1.0 Transitional//EN"" ""http://www.w3.org/TR/x"
null,http://catalog.ihsn.org/index.php/catalog/3343/download/48532
http://catalog.ihsn.org/index.php/catalog/2559/download/38520,"/W3C//DTD XHTML 1.0 Transitional//EN"" ""http://www.w3.org/TR/x"
null,http://catalog.ihsn.org/index.php/catalog/3344/download/48533
http://catalog.ihsn.org/index.php/catalog/4749/download/59784,"/W3C//DTD XHTML 1.0 Transitional//EN"" ""http://www.w3.org/TR/x"
"/W3C//DTD XHTML 1.0 Transitional//EN"" ""http://www.w3.org/TR/x",null
"http://catalog.ihsn.org/index.php/catalog/986/download/40902""","/W3C//DTD XHTML 1.0 Transitional//EN"" ""http://www.w3.org/TR/x"
http://catalog.ihsn.org/index.php/catalog/3346/download/48536,null
null,null
null,http://catalog.ihsn.org/index.php/catalog/3336/download/48511
null,null
null,http://catalog.ihsn.org/index.php/catalog/3324/download/48498
null,null
http://catalog.ihsn.org/index.php/catalog/3903/download/53393,http://catalog.ihsn.org/index.php/catalog/3903/download/53394
http://catalog.ihsn.org/index.php/catalog/3893/download/53357,http://catalog.ihsn.org/index.php/catalog/3893/download/53355
null,http://catalog.ihsn.org/index.php/catalog/3345/download/48534
"http://catalog.ihsn.org/index.php/catalog/866/download/40026""","http://catalog.ihsn.org/index.php/catalog/866/download/40042"""
http://catalog.ihsn.org/index.php/catalog/3993/download/54326,http://catalog.ihsn.org/index.php/catalog/3993/download/54330
http://catalog.ihsn.org/index.php/catalog/3322/download/48489,http://catalog.ihsn.org/index.php/catalog/3322/download/48492
http://catalog.ihsn.org/index.php/catalog/3644/download/51610,"/W3C//DTD XHTML 1.0 Transitional//EN"" ""http://www.w3.org/TR/x"
null,http://catalog.ihsn.org/index.php/catalog/3334/download/48507
null,null
http://catalog.ihsn.org/index.php/catalog/3905/download/53403,http://catalog.ihsn.org/index.php/catalog/3905/download/53407
http://catalog.ihsn.org/index.php/catalog/3906/download/53413,http://catalog.ihsn.org/index.php/catalog/3906/download/53416
http://catalog.ihsn.org/index.php/catalog/3904/download/53398,http://catalog.ihsn.org/index.php/catalog/3904/download/53400
http://catalog.ihsn.org/index.php/catalog/3909/download/53426,http://catalog.ihsn.org/index.php/catalog/3909/download/53427
http://catalog.ihsn.org/index.php/catalog/3910/download/53428,http://catalog.ihsn.org/index.php/catalog/3910/download/53430
"http://catalog.ihsn.org/index.php/catalog/713/download/31815""","/W3C//DTD XHTML 1.0 Transitional//EN"" ""http://www.w3.org/TR/x"
null,http://catalog.ihsn.org/index.php/catalog/3333/download/48506
http://catalog.ihsn.org/index.php/catalog/3319/download/48469,http://catalog.ihsn.org/index.php/catalog/3319/download/48475
http://catalog.ihsn.org/index.php/catalog/4135/download/55372,http://catalog.ihsn.org/index.php/catalog/4135/download/55376
"/W3C//DTD XHTML 1.0 Transitional//EN"" ""http://www.w3.org/TR/x",null
http://catalog.ihsn.org/index.php/catalog/3339/download/48515,null
http://catalog.ihsn.org/index.php/catalog/4464/download/57405,http://catalog.ihsn.org/index.php/catalog/4464/download/57406
"http://catalog.ihsn.org/index.php/catalog/832/download/32356""",null
http://catalog.ihsn.org/index.php/catalog/3243/download/47919,http://catalog.ihsn.org/index.php/catalog/3243/download/47924
"http://catalog.ihsn.org/index.php/catalog/925/download/40364""",null
null,http://catalog.ihsn.org/index.php/catalog/1023/download/41030
http://catalog.ihsn.org/index.php/catalog/3228/download/47765,http://catalog.ihsn.org/index.php/catalog/3228/download/47774
"http://catalog.ihsn.org/index.php/catalog/632/download/31489""",null
"http://catalog.ihsn.org/index.php/catalog/634/download/31495""",null
http://catalog.ihsn.org/index.php/catalog/2456/download/38013,null
http://catalog.ihsn.org/index.php/catalog/2457/download/38017,"/W3C//DTD XHTML 1.0 Transitional//EN"" ""http://www.w3.org/TR/x"
http://catalog.ihsn.org/index.php/catalog/2458/download/38023,"/W3C//DTD XHTML 1.0 Transitional//EN"" ""http://www.w3.org/TR/x"
http://catalog.ihsn.org/index.php/catalog/2460/download/38032,"/W3C//DTD XHTML 1.0 Transitional//EN"" ""http://www.w3.org/TR/x"
http://catalog.ihsn.org/index.php/catalog/2461/download/38040,"/W3C//DTD XHTML 1.0 Transitional//EN"" ""http://www.w3.org/TR/x"
http://catalog.ihsn.org/index.php/catalog/4378/download/56828,"/W3C//DTD XHTML 1.0 Transitional//EN"" ""http://www.w3.org/TR/x"
"/W3C//DTD XHTML 1.0 Transitional//EN"" ""http://www.w3.org/TR/x","/W3C//DTD XHTML 1.0 Transitional//EN"" ""http://www.w3.org/TR/x"
http://catalog.ihsn.org/index.php/catalog/2459/download/38027,"/W3C//DTD XHTML 1.0 Transitional//EN"" ""http://www.w3.org/TR/x"
"http://catalog.ihsn.org/index.php/catalog/981/download/40884""","http://catalog.ihsn.org/index.php/catalog/981/download/40879"""
http://catalog.ihsn.org/index.php/catalog/1019/download/41004,http://catalog.ihsn.org/index.php/catalog/1019/download/41000
"/W3C//DTD XHTML 1.0 Transitional//EN"" ""http://www.w3.org/TR/x","/W3C//DTD XHTML 1.0 Transitional//EN"" ""http://www.w3.org/TR/x"
"http://catalog.ihsn.org/index.php/catalog/761/download/32036""",null
http://catalog.ihsn.org/index.php/catalog/4365/download/56770,http://catalog.ihsn.org/index.php/catalog/4365/download/56772
http://catalog.ihsn.org/index.php/catalog/3647/download/51632,"/W3C//DTD XHTML 1.0 Transitional//EN"" ""http://www.w3.org/TR/x"
http://catalog.ihsn.org/index.php/catalog/2137/download/36492,http://catalog.ihsn.org/index.php/catalog/2137/download/36493
http://catalog.ihsn.org/index.php/catalog/4235/download/55902,http://catalog.ihsn.org/index.php/catalog/4235/download/55904
"http://catalog.ihsn.org/index.php/catalog/762/download/32037""","/W3C//DTD XHTML 1.0 Transitional//EN"" ""http://www.w3.org/TR/x"
http://catalog.ihsn.org/index.php/catalog/4250/download/56063,"/W3C//DTD XHTML 1.0 Transitional//EN"" ""http://www.w3.org/TR/x"
"http://catalog.ihsn.org/index.php/catalog/877/download/40153""","http://catalog.ihsn.org/index.php/catalog/877/download/40154"""
http://catalog.ihsn.org/index.php/catalog/4154/download/55440,"/W3C//DTD XHTML 1.0 Transitional//EN"" ""http://www.w3.org/TR/x"
http://catalog.ihsn.org/index.php/catalog/3234/download/47852,http://catalog.ihsn.org/index.php/catalog/3234/download/47854
http://catalog.ihsn.org/index.php/catalog/4311/download/56394,http://catalog.ihsn.org/index.php/catalog/4311/download/56396
http://catalog.ihsn.org/index.php/catalog/4266/download/56138,http://catalog.ihsn.org/index.php/catalog/4266/download/56139
"/W3C//DTD XHTML 1.0 Transitional//EN"" ""http://www.w3.org/TR/x",null
http://catalog.ihsn.org/index.php/catalog/4924/download/61028,"/W3C//DTD XHTML 1.0 Transitional//EN"" ""http://www.w3.org/TR/x"
http://catalog.ihsn.org/index.php/catalog/2189/download/36813,null
http://catalog.ihsn.org/index.php/catalog/2196/download/36867,null
http://catalog.ihsn.org/index.php/catalog/2403/download/37635,null
http://catalog.ihsn.org/index.php/catalog/2404/download/37644,http://catalog.ihsn.org/index.php/catalog/2404/download/37656
http://catalog.ihsn.org/index.php/catalog/2405/download/37658,null
http://catalog.ihsn.org/index.php/catalog/2406/download/37666,http://catalog.ihsn.org/index.php/catalog/2406/download/37676
http://catalog.ihsn.org/index.php/catalog/2407/download/37678,http://catalog.ihsn.org/index.php/catalog/2407/download/37686
http://catalog.ihsn.org/index.php/catalog/1058/download/41192,http://catalog.ihsn.org/index.php/catalog/1058/download/41193
http://catalog.ihsn.org/index.php/catalog/1059/download/41199,http://catalog.ihsn.org/index.php/catalog/1059/download/41200
http://catalog.ihsn.org/index.php/catalog/1060/download/41208,http://catalog.ihsn.org/index.php/catalog/1060/download/41209
http://catalog.ihsn.org/index.php/catalog/1061/download/41215,http://catalog.ihsn.org/index.php/catalog/1061/download/41216
http://catalog.ihsn.org/index.php/catalog/1062/download/41223,http://catalog.ihsn.org/index.php/catalog/1062/download/41224
http://catalog.ihsn.org/index.php/catalog/1063/download/41231,http://catalog.ihsn.org/index.php/catalog/1063/download/41232
http://catalog.ihsn.org/index.php/catalog/1064/download/41239,http://catalog.ihsn.org/index.php/catalog/1064/download/41240
http://catalog.ihsn.org/index.php/catalog/1065/download/41246,http://catalog.ihsn.org/index.php/catalog/1065/download/41247
http://catalog.ihsn.org/index.php/catalog/1066/download/41253,http://catalog.ihsn.org/index.php/catalog/1066/download/41256
http://catalog.ihsn.org/index.php/catalog/2852/download/43413,null
http://catalog.ihsn.org/index.php/catalog/2268/download/41544,http://catalog.ihsn.org/index.php/catalog/2268/download/41541
http://catalog.ihsn.org/index.php/catalog/2269/download/41551,http://catalog.ihsn.org/index.php/catalog/2269/download/41552
http://catalog.ihsn.org/index.php/catalog/2270/download/41568,http://catalog.ihsn.org/index.php/catalog/2270/download/41569
http://catalog.ihsn.org/index.php/catalog/2271/download/41573,http://catalog.ihsn.org/index.php/catalog/2271/download/41574
http://catalog.ihsn.org/index.php/catalog/2272/download/41584,http://catalog.ihsn.org/index.php/catalog/2272/download/41591
http://catalog.ihsn.org/index.php/catalog/2273/download/41595,http://catalog.ihsn.org/index.php/catalog/2273/download/41602
http://catalog.ihsn.org/index.php/catalog/2274/download/41606,http://catalog.ihsn.org/index.php/catalog/2274/download/41613
http://catalog.ihsn.org/index.php/catalog/2275/download/41617,http://catalog.ihsn.org/index.php/catalog/2275/download/41625
http://catalog.ihsn.org/index.php/catalog/2276/download/41629,http://catalog.ihsn.org/index.php/catalog/2276/download/41635
http://catalog.ihsn.org/index.php/catalog/2277/download/41639,http://catalog.ihsn.org/index.php/catalog/2277/download/41647
http://catalog.ihsn.org/index.php/catalog/2278/download/41651,http://catalog.ihsn.org/index.php/catalog/2278/download/41659
http://catalog.ihsn.org/index.php/catalog/2279/download/41663,http://catalog.ihsn.org/index.php/catalog/2279/download/41672
http://catalog.ihsn.org/index.php/catalog/2280/download/41676,http://catalog.ihsn.org/index.php/catalog/2280/download/41684
http://catalog.ihsn.org/index.php/catalog/2281/download/41688,http://catalog.ihsn.org/index.php/catalog/2281/download/41697
http://catalog.ihsn.org/index.php/catalog/2282/download/41700,http://catalog.ihsn.org/index.php/catalog/2282/download/41708
http://catalog.ihsn.org/index.php/catalog/2283/download/41711,http://catalog.ihsn.org/index.php/catalog/2283/download/41720
http://catalog.ihsn.org/index.php/catalog/4631/download/58709,http://catalog.ihsn.org/index.php/catalog/4631/download/58714
http://catalog.ihsn.org/index.php/catalog/4634/download/58730,http://catalog.ihsn.org/index.php/catalog/4634/download/58731
http://catalog.ihsn.org/index.php/catalog/4632/download/58716,http://catalog.ihsn.org/index.php/catalog/4632/download/58717
http://catalog.ihsn.org/index.php/catalog/4633/download/58723,http://catalog.ihsn.org/index.php/catalog/4633/download/58724
http://catalog.ihsn.org/index.php/catalog/4635/download/58739,http://catalog.ihsn.org/index.php/catalog/4635/download/58740
http://catalog.ihsn.org/index.php/catalog/4638/download/58759,http://catalog.ihsn.org/index.php/catalog/4638/download/58764
http://catalog.ihsn.org/index.php/catalog/4636/download/58746,http://catalog.ihsn.org/index.php/catalog/4636/download/58747
http://catalog.ihsn.org/index.php/catalog/4637/download/58752,http://catalog.ihsn.org/index.php/catalog/4637/download/58753
http://catalog.ihsn.org/index.php/catalog/4639/download/58766,http://catalog.ihsn.org/index.php/catalog/4639/download/58771
http://catalog.ihsn.org/index.php/catalog/4642/download/58787,http://catalog.ihsn.org/index.php/catalog/4642/download/58792
http://catalog.ihsn.org/index.php/catalog/4640/download/58773,http://catalog.ihsn.org/index.php/catalog/4640/download/58778
http://catalog.ihsn.org/index.php/catalog/4641/download/58780,http://catalog.ihsn.org/index.php/catalog/4641/download/58785
http://catalog.ihsn.org/index.php/catalog/4643/download/58794,http://catalog.ihsn.org/index.php/catalog/4643/download/58799
http://catalog.ihsn.org/index.php/catalog/4646/download/58815,http://catalog.ihsn.org/index.php/catalog/4646/download/58820
http://catalog.ihsn.org/index.php/catalog/4644/download/58802,http://catalog.ihsn.org/index.php/catalog/4644/download/58807
http://catalog.ihsn.org/index.php/catalog/4645/download/58810,http://catalog.ihsn.org/index.php/catalog/4645/download/58810
http://catalog.ihsn.org/index.php/catalog/4647/download/58822,http://catalog.ihsn.org/index.php/catalog/4647/download/58823
http://catalog.ihsn.org/index.php/catalog/4650/download/58843,http://catalog.ihsn.org/index.php/catalog/4650/download/58844
http://catalog.ihsn.org/index.php/catalog/4648/download/58829,http://catalog.ihsn.org/index.php/catalog/4648/download/58830
http://catalog.ihsn.org/index.php/catalog/4649/download/58836,http://catalog.ihsn.org/index.php/catalog/4649/download/58837
http://catalog.ihsn.org/index.php/catalog/4651/download/58850,http://catalog.ihsn.org/index.php/catalog/4651/download/58851
http://catalog.ihsn.org/index.php/catalog/4654/download/58873,http://catalog.ihsn.org/index.php/catalog/4654/download/58874
http://catalog.ihsn.org/index.php/catalog/4652/download/58858,http://catalog.ihsn.org/index.php/catalog/4652/download/58859
http://catalog.ihsn.org/index.php/catalog/4653/download/58865,http://catalog.ihsn.org/index.php/catalog/4653/download/58866
http://catalog.ihsn.org/index.php/catalog/2867/download/43594,null
http://catalog.ihsn.org/index.php/catalog/2868/download/43596,null
null,null
http://catalog.ihsn.org/index.php/catalog/2866/download/43590,null
http://catalog.ihsn.org/index.php/catalog/2864/download/43566,http://catalog.ihsn.org/index.php/catalog/2864/download/43587
"http://catalog.ihsn.org/index.php/catalog/640/download/66546""",null
"http://catalog.ihsn.org/index.php/catalog/649/download/66564""",null
http://catalog.ihsn.org/index.php/catalog/2600/download/38882,null
http://catalog.ihsn.org/index.php/catalog/4673/download/59091,null
http://catalog.ihsn.org/index.php/catalog/4092/download/55156,null
http://catalog.ihsn.org/index.php/catalog/2472/download/38108,"/W3C//DTD XHTML 1.0 Transitional//EN"" ""http://www.w3.org/TR/x"
http://catalog.ihsn.org/index.php/catalog/2473/download/38112,"/W3C//DTD XHTML 1.0 Transitional//EN"" ""http://www.w3.org/TR/x"
null,null
http://catalog.ihsn.org/index.php/catalog/2414/download/37750,http://catalog.ihsn.org/index.php/catalog/2414/download/37753
http://catalog.ihsn.org/index.php/catalog/2858/download/43434,null
http://catalog.ihsn.org/index.php/catalog/2190/download/36816,http://catalog.ihsn.org/index.php/catalog/2190/download/36825
http://catalog.ihsn.org/index.php/catalog/3024/download/45349,http://catalog.ihsn.org/index.php/catalog/3024/download/45353
http://catalog.ihsn.org/index.php/catalog/2399/download/37619,http://catalog.ihsn.org/index.php/catalog/2399/download/37622
http://catalog.ihsn.org/index.php/catalog/3301/download/48402,null
null,null
null,null
null,null
null,null
null,null
http://catalog.ihsn.org/index.php/catalog/2822/download/43261,null
http://catalog.ihsn.org/index.php/catalog/2823/download/43268,null
"http://catalog.ihsn.org/index.php/catalog/928/download/40380""",null
http://catalog.ihsn.org/index.php/catalog/3511/download/49727,null
null,null
null,null
http://catalog.ihsn.org/index.php/catalog/3309/download/48447,null
http://catalog.ihsn.org/index.php/catalog/4628/download/58670,http://catalog.ihsn.org/index.php/catalog/4628/download/58669
null,null
http://catalog.ihsn.org/index.php/catalog/3310/download/48449,null
null,null
null,null
null,null
null,null
http://catalog.ihsn.org/index.php/catalog/3312/download/48452,null
null,null
null,null
null,null
null,null
http://catalog.ihsn.org/index.php/catalog/2829/download/43285,null
null,http://catalog.ihsn.org/index.php/catalog/3352/download/48599
null,null
null,null
null,http://catalog.ihsn.org/index.php/catalog/2833/download/43296
http://catalog.ihsn.org/index.php/catalog/2400/download/37624,http://catalog.ihsn.org/index.php/catalog/2400/download/37627
http://catalog.ihsn.org/index.php/catalog/3304/download/48421,http://catalog.ihsn.org/index.php/catalog/3304/download/48422
http://catalog.ihsn.org/index.php/catalog/2832/download/43294,null
null,null
http://catalog.ihsn.org/index.php/catalog/1912/download/35574,http://catalog.ihsn.org/index.php/catalog/1912/download/35578
http://catalog.ihsn.org/index.php/catalog/2836/download/43305,null
http://catalog.ihsn.org/index.php/catalog/3351/download/48590,null
http://catalog.ihsn.org/index.php/catalog/3303/download/48412,http://catalog.ihsn.org/index.php/catalog/3303/download/48420
http://catalog.ihsn.org/index.php/catalog/2835/download/43303,null
http://catalog.ihsn.org/index.php/catalog/2856/download/43430,null
http://catalog.ihsn.org/index.php/catalog/2392/download/37545,null
http://catalog.ihsn.org/index.php/catalog/2837/download/43308,http://catalog.ihsn.org/index.php/catalog/2837/download/43310
http://catalog.ihsn.org/index.php/catalog/4716/download/59501,http://catalog.ihsn.org/index.php/catalog/4716/download/59515
null,null
http://catalog.ihsn.org/index.php/catalog/3306/download/48431,http://catalog.ihsn.org/index.php/catalog/3306/download/48432
http://catalog.ihsn.org/index.php/catalog/3315/download/48456,http://catalog.ihsn.org/index.php/catalog/3315/download/48457
http://catalog.ihsn.org/index.php/catalog/2863/download/43554,http://catalog.ihsn.org/index.php/catalog/2863/download/43565
http://catalog.ihsn.org/index.php/catalog/2838/download/43314,null
http://catalog.ihsn.org/index.php/catalog/3305/download/48426,http://catalog.ihsn.org/index.php/catalog/3305/download/48427
http://catalog.ihsn.org/index.php/catalog/4630/download/58690,null
http://catalog.ihsn.org/index.php/catalog/2857/download/43433,null
http://catalog.ihsn.org/index.php/catalog/2760/download/42773,http://catalog.ihsn.org/index.php/catalog/2760/download/42775
http://catalog.ihsn.org/index.php/catalog/3307/download/48437,http://catalog.ihsn.org/index.php/catalog/3307/download/48438
http://catalog.ihsn.org/index.php/catalog/2380/download/37505,null
http://catalog.ihsn.org/index.php/catalog/2840/download/43338,null
http://catalog.ihsn.org/index.php/catalog/2410/download/37732,http://catalog.ihsn.org/index.php/catalog/2410/download/37733
http://catalog.ihsn.org/index.php/catalog/3358/download/48637,http://catalog.ihsn.org/index.php/catalog/3358/download/48638
http://catalog.ihsn.org/index.php/catalog/3353/download/48605,http://catalog.ihsn.org/index.php/catalog/3353/download/48607
"/W3C//DTD XHTML 1.0 Transitional//EN"" ""http://www.w3.org/TR/x","/W3C//DTD XHTML 1.0 Transitional//EN"" ""http://www.w3.org/TR/x"
http://catalog.ihsn.org/index.php/catalog/3297/download/48390,null
http://catalog.ihsn.org/index.php/catalog/3350/download/48557,null
null,null
http://catalog.ihsn.org/index.php/catalog/2841/download/43339,null
"http://catalog.ihsn.org/index.php/catalog/782/download/32112""",null
http://catalog.ihsn.org/index.php/catalog/1431/download/41839,http://catalog.ihsn.org/index.php/catalog/1431/download/41840
null,null
http://catalog.ihsn.org/index.php/catalog/3347/download/48540,http://catalog.ihsn.org/index.php/catalog/3347/download/48541
http://catalog.ihsn.org/index.php/catalog/3354/download/48612,null
http://catalog.ihsn.org/index.php/catalog/2381/download/37510,null
http://catalog.ihsn.org/index.php/catalog/3509/download/49724,http://catalog.ihsn.org/index.php/catalog/3509/download/49725
http://catalog.ihsn.org/index.php/catalog/3355/download/48617,http://catalog.ihsn.org/index.php/catalog/3355/download/48619
http://catalog.ihsn.org/index.php/catalog/2408/download/37689,http://catalog.ihsn.org/index.php/catalog/2408/download/37691
http://catalog.ihsn.org/index.php/catalog/2389/download/37531,http://catalog.ihsn.org/index.php/catalog/2389/download/37532
http://catalog.ihsn.org/index.php/catalog/2396/download/37607,http://catalog.ihsn.org/index.php/catalog/2396/download/37610
null,null
http://catalog.ihsn.org/index.php/catalog/3356/download/48624,null
http://catalog.ihsn.org/index.php/catalog/4674/download/59098,null
null,null
http://catalog.ihsn.org/index.php/catalog/2385/download/37518,null
http://catalog.ihsn.org/index.php/catalog/3618/download/51365,null
"http://catalog.ihsn.org/index.php/catalog/783/download/32113""","http://catalog.ihsn.org/index.php/catalog/783/download/32119"""
http://catalog.ihsn.org/index.php/catalog/4755/download/59921,http://catalog.ihsn.org/index.php/catalog/4755/download/59922
null,null
http://catalog.ihsn.org/index.php/catalog/2388/download/37528,null
null,null
http://catalog.ihsn.org/index.php/catalog/2294/download/66570,null
null,http://catalog.ihsn.org/index.php/catalog/2845/download/43367
http://catalog.ihsn.org/index.php/catalog/2844/download/43357,http://catalog.ihsn.org/index.php/catalog/2844/download/43360
http://catalog.ihsn.org/index.php/catalog/1442/download/42095,http://catalog.ihsn.org/index.php/catalog/1442/download/42096
null,null
http://catalog.ihsn.org/index.php/catalog/2847/download/43379,http://catalog.ihsn.org/index.php/catalog/2847/download/43378
http://catalog.ihsn.org/index.php/catalog/2398/download/37616,http://catalog.ihsn.org/index.php/catalog/2398/download/37618
http://catalog.ihsn.org/index.php/catalog/2397/download/37612,null
http://catalog.ihsn.org/index.php/catalog/2361/download/37322,http://catalog.ihsn.org/index.php/catalog/2361/download/37326
http://catalog.ihsn.org/index.php/catalog/1918/download/35598,http://catalog.ihsn.org/index.php/catalog/1918/download/35600
http://catalog.ihsn.org/index.php/catalog/2848/download/43389,http://catalog.ihsn.org/index.php/catalog/2848/download/43388
http://catalog.ihsn.org/index.php/catalog/1027/download/41048,http://catalog.ihsn.org/index.php/catalog/1027/download/41050
"/W3C//DTD XHTML 1.0 Transitional//EN"" ""http://www.w3.org/TR/x",null
http://catalog.ihsn.org/index.php/catalog/2390/download/66621,null
http://catalog.ihsn.org/index.php/catalog/2850/download/43399,null
http://catalog.ihsn.org/index.php/catalog/2851/download/43401,null
http://catalog.ihsn.org/index.php/catalog/2402/download/37631,null
"/W3C//DTD XHTML 1.0 Transitional//EN"" ""http://www.w3.org/TR/x",null
http://catalog.ihsn.org/index.php/catalog/2853/download/43423,http://catalog.ihsn.org/index.php/catalog/2853/download/43422
http://catalog.ihsn.org/index.php/catalog/4484/download/57526,http://catalog.ihsn.org/index.php/catalog/4484/download/57527
"/W3C//DTD XHTML 1.0 Transitional//EN"" ""http://www.w3.org/TR/x",null
http://catalog.ihsn.org/index.php/catalog/4275/download/56176,http://catalog.ihsn.org/index.php/catalog/4275/download/56180
http://catalog.ihsn.org/index.php/catalog/4276/download/56185,http://catalog.ihsn.org/index.php/catalog/4276/download/56189
http://catalog.ihsn.org/index.php/catalog/2490/download/38191,http://catalog.ihsn.org/index.php/catalog/2490/download/38194
http://catalog.ihsn.org/index.php/catalog/4688/download/59193,http://catalog.ihsn.org/index.php/catalog/4688/download/59195
"http://catalog.ihsn.org/index.php/catalog/963/download/40785""","http://catalog.ihsn.org/index.php/catalog/963/download/40785"""
"http://catalog.ihsn.org/index.php/catalog/964/download/40788""",null
http://catalog.ihsn.org/index.php/catalog/4181/download/55558,"/W3C//DTD XHTML 1.0 Transitional//EN"" ""http://www.w3.org/TR/x"
"http://catalog.ihsn.org/index.php/catalog/962/download/40770""","http://catalog.ihsn.org/index.php/catalog/962/download/40777"""
"http://catalog.ihsn.org/index.php/catalog/795/download/32154""","http://catalog.ihsn.org/index.php/catalog/795/download/32158"""
http://catalog.ihsn.org/index.php/catalog/3871/download/53289,http://catalog.ihsn.org/index.php/catalog/3871/download/53287
"/W3C//DTD XHTML 1.0 Transitional//EN"" ""http://www.w3.org/TR/x","/W3C//DTD XHTML 1.0 Transitional//EN"" ""http://www.w3.org/TR/x"
"/W3C//DTD XHTML 1.0 Transitional//EN"" ""http://www.w3.org/TR/x",null
"/W3C//DTD XHTML 1.0 Transitional//EN"" ""http://www.w3.org/TR/x","/W3C//DTD XHTML 1.0 Transitional//EN"" ""http://www.w3.org/TR/x"
"/W3C//DTD XHTML 1.0 Transitional//EN"" ""http://www.w3.org/TR/x",null
